COUNTY,FIPS,demperc12,vrperc12,toperc12,demperc14,vrperc14,toperc14,demperc16,vrperc16,toperc16,demperc18,vrperc18,toperc18,demchange1418,tochange1418,TOTAL_POP,RACE,COUNT,PERC_WHITE,MEDIAN_AGE,WIN12,WIN14,WIN16,WIN18,label
Anderson,48001,0.229706390328152,0.438759451229943,0.6320714257865799,0.0,0.46214376133292295,0.3789606159313,0.0,0.48061856375517503,0.6043920842824599,0.21416960173394697,0.4846556502104071,0.521106875617676,0.21416960173394697,0.142146259686376,57863.0,White,34312.0,0.5929868828093946,39.1,Republican,Republican,Republican,Republican,
Andrews,48003,0.148148148148148,0.5444339239821451,0.5567701863354039,0.0,0.5764236439875561,0.26058899448551,0.0,0.6188962532124979,0.540268823079445,0.158799322198015,0.647369132963614,0.4315712494776429,0.158799322198015,0.17098225499213293,17818.0,White,7215.0,0.40492760130205413,31.2,Republican,Republican,Republican,Republican,
Angelina,48005,0.266403741449113,0.553860160652753,0.5961838573420171,0.21256408745359198,0.5752152216754449,0.33997836191697395,0.23497321959928602,0.595233430524023,0.5856066913202579,0.252437417654809,0.593308824376808,0.51600559418826,0.039873330201217,0.17602723227128603,87607.0,White,53216.0,0.6074400447452829,37.2,Republican,Republican,Republican,Republican,
Aransas,48007,0.26855306799336603,0.659340184817342,0.63186849171524,0.229800457965325,0.6828309871318771,0.3866439005881239,0.23538704581358605,0.745919336730288,0.622959360889198,0.22485536270583,0.7409102685896879,0.52383727707192,-0.0049450952594949915,0.13719337648379604,24763.0,White,16691.0,0.6740298025279651,49.6,Republican,Republican,Republican,Republican,
Archer,48009,0.0,0.6817981002871661,0.6745504616879959,0.0914814814814815,0.6958250497017888,0.42857142857142894,0.0,0.6973713275900151,0.687836553690212,0.0850246845858475,0.691296664457698,0.5825211695158969,-0.006456796895633998,0.153949740944468,8789.0,White,7772.0,0.8842871771532598,44.5,Republican,Republican,Republican,Republican,
Armstrong,48011,0.0,0.7332982640715409,0.673601147776184,0.075043630017452,0.701735928458706,0.429535232383808,0.0,0.7317201472909001,0.689432063263839,0.0631229235880399,0.743819042609153,0.6386138613861391,-0.011920706429412092,0.2090786290023311,1916.0,White,1737.0,0.9065762004175365,46.3,Republican,Republican,Republican,Republican,
Atascosa,48013,0.5152110683122401,0.5251052080781989,0.53941398464996,0.548764458464774,0.547616396873817,0.30934374237618895,0.447860287219456,0.58987775823295,0.523063566359656,0.579948001299967,0.607757564961813,0.45092507785308705,0.03118354283519309,0.1415813354768981,48828.0,White,16541.0,0.3387605472270009,35.4,Democrat,Democrat,Republican,Democrat,
Austin,48015,0.17018379850238302,0.6247316747017629,0.6619726243451811,0.132216530527482,0.653376499982405,0.389023536381753,0.15518491660623598,0.6782911637400151,0.643891050583658,0.18350515463917497,0.682443607699616,0.5752075491156601,0.051288624111692965,0.18618401273390706,29565.0,White,18525.0,0.6265854895991883,40.7,Republican,Republican,Republican,Republican,
Bailey,48017,0.0,0.48639218422889,0.530846484935438,0.132338308457711,0.493230983949756,0.28438030560271604,0.0,0.5182135380321,0.48262860220845705,0.219330855018587,0.514863921842289,0.43751694226077503,0.08699254656087602,0.153136636658059,7092.0,White,2346.0,0.33079526226734346,33.5,Republican,Republican,Republican,Republican,
Bandera,48019,0.180918654306843,0.7164754698559921,0.654152756012809,0.0,0.724432511593849,0.433355795148248,0.147803316846087,0.7576275323407371,0.664368556701031,0.19674172460309197,0.775054918232853,0.6069786483592621,0.19674172460309197,0.17362285321101406,21763.0,White,17032.0,0.782612691264991,52.1,Republican,Republican,Republican,Republican,
Bastrop,48021,0.37868751285743696,0.5226705855388221,0.6367529084014749,0.340594987116421,0.5739844413584821,0.401099288281305,0.355095541401274,0.608256596243815,0.6403191843067719,0.405487584159849,0.6339674535869809,0.5875122283186589,0.06489259704342798,0.18641294003735392,82577.0,White,43757.0,0.5298933116969616,38.6,Republican,Republican,Republican,Republican,
Baylor,48023,0.0,0.669082125603865,0.638588046530285,0.133886255924171,0.6736446591519061,0.3362549800796811,0.0,0.652979066022544,0.6218660090423349,0.10539018503620301,0.631508319914117,0.528261793455164,-0.02849607088796799,0.19200681337548292,3591.0,White,3050.0,0.8493455861876914,47.3,Republican,Republican,Republican,Republican,
Bee,48025,0.403718125863585,0.446627538369794,0.559451862262825,0.442999234889059,0.47474969398323996,0.345630040989025,0.41810040065991,0.49317347227017405,0.540062368739261,0.392108508014797,0.495401902011864,0.4624303091738471,-0.05089072687426199,0.11680026818482209,32691.0,White,10392.0,0.3178856566027347,35.4,Republican,Republican,Republican,Republican,
Bell,48027,0.3613407620416971,0.5010970386120611,0.547466038582876,0.297453136827107,0.537844750546979,0.257356648485126,0.34311935909137004,0.593846106437398,0.511704175726095,0.42804120928558603,0.620079504483683,0.44186023397044105,0.13058807245847903,0.18450358548531504,342236.0,White,158804.0,0.4640189810540095,30.8,Republican,Republican,Republican,Republican,
Bexar,48029,0.519887062549972,0.516731952275899,0.587180812524405,0.5536855162101539,0.571313010750307,0.34309369045141697,0.533463840278207,0.630144103278116,0.5891778028313289,0.586385806586906,0.667712110665729,0.5209809859814539,0.03270029037675204,0.17788729553003696,1925865.0,White,539435.0,0.2801001108592762,33.4,Democrat,Democrat,Democrat,Democrat,
Blanco,48031,0.232703137570394,0.6684767076307521,0.708564913780818,0.0,0.703820139087358,0.48876556578235003,0.19222833562585998,0.7657425931218441,0.723563075391889,0.259532806595672,0.8028960655425359,0.6907925961082111,0.259532806595672,0.20202703032586106,11279.0,White,8712.0,0.7724089014983598,49.9,Republican,Republican,Republican,Republican,
Borden,48033,0.0,0.6583463338533541,0.8625592417061609,0.0494296577946768,0.6864274570982839,0.597727272727273,0.0,0.7223088923556941,0.8012958963282941,0.037463976945245,0.758190327613105,0.7139917695473249,-0.011965680849431795,0.11626449682005191,665.0,White,595.0,0.8947368421052632,42.5,Republican,Republican,Republican,Republican,
Bosque,48035,0.20059880239521,0.6442455523830439,0.6262677916986279,0.154980804202869,0.649461893257193,0.418413933040243,0.163799645838604,0.658906215681968,0.6588333333333329,0.17863059083379298,0.6659345486492421,0.5972955145118729,0.023649786630923986,0.1788815814716299,18122.0,White,14167.0,0.7817569804657323,46.7,Republican,Republican,Republican,Republican,
Bowie,48037,0.271873762796222,0.599794738832172,0.6369236311239189,0.0,0.0,0.0,0.0,0.6382109868740891,0.585466179159049,0.263717746182201,0.641840868578836,0.47944859624318303,0.263717746182201,0.47944859624318303,93858.0,White,60017.0,0.6394446930469433,38.1,Republican,Republican,Republican,Republican,
Brazoria,48039,0.30194051097624897,0.553323157686339,0.6161978739857571,0.28326352446520003,0.586580280107036,0.33921620930118607,0.33712352504332,0.627925764610462,0.61628823514455,0.377330303789315,0.658497410319128,0.542083901095437,0.09406677932411495,0.20286769179425096,353999.0,White,170322.0,0.48113695236427223,35.6,Republican,Republican,Republican,Republican,
Brazos,48041,0.0,0.43966415363534206,0.649920041088375,0.246171263247272,0.47817049950988205,0.341293521658867,0.283242990517657,0.54795202488055,0.641038129044948,0.375587650477057,0.58060261430529,0.5734679265630109,0.129416387229785,0.23217440490414393,219193.0,White,122867.0,0.5605425355736725,26.2,Republican,Republican,Republican,Republican,
Brewster,48043,0.571392016376663,0.705480935875217,0.6000307078151391,0.583926754832147,0.761373483535529,0.41954758856167296,0.5224679860302679,0.7976603119584058,0.583242802824552,0.499510523739599,0.781304159445407,0.5664771939553579,-0.08441623109254798,0.14692960539368494,9216.0,White,4722.0,0.5123697916666666,43.3,Democrat,Democrat,Democrat,Republican,
Briscoe,48045,0.0,0.6847892486255339,0.6360392506690461,0.11005692599620501,0.692730604764814,0.464726631393298,0.0,0.6695174098961509,0.678832116788321,0.0901898734177215,0.654856444715944,0.58955223880597,-0.019867052578483507,0.12482560741267196,1546.0,White,885.0,0.5724450194049159,46.3,Republican,Republican,Republican,Republican,
Brooks,48047,0.834088102099629,0.911394157552264,0.36898070788394305,0.6438519697572621,0.890211823342102,0.390824261275272,0.741353383458647,0.8896580368268029,0.413943355119826,0.7837837837837841,0.8036826803267341,0.33143841515934497,0.139931814026522,-0.05938584611592701,7180.0,White,400.0,0.055710306406685235,32.7,Democrat,Democrat,Democrat,Democrat,
Brown,48049,0.136086613608661,0.574292762294652,0.6373149332845911,0.0,0.596940114417677,0.36061898272299603,0.0,0.614601375111531,0.607856532877882,0.117190029135643,0.608644307982995,0.532746949510628,0.117190029135643,0.17212796678763193,37834.0,White,27253.0,0.7203309192789554,41.3,Republican,Republican,Republican,Republican,
Burleson,48051,0.0,0.622389014953162,0.6043750584275971,0.20750237416904102,0.64281142724152,0.38124547429398997,0.19801838024124105,0.6769651480770351,0.598538891276321,0.204511050560097,0.683365334264269,0.562452107279694,-0.0029913236089440243,0.181206632985704,17863.0,White,11617.0,0.6503386889100375,42.6,Republican,Republican,Republican,Republican,
Burnet,48053,0.212023649241936,0.6046315789473679,0.6609021974620861,0.178073089700997,0.641614035087719,0.438951474716541,0.189424604191218,0.6919064327485379,0.6598262280672099,0.221366286845343,0.721216374269006,0.606285677218474,0.04329319714434601,0.16733420250193304,45750.0,White,33745.0,0.7375956284153006,44.2,Republican,Republican,Republican,Republican,
Caldwell,48055,0.469042476601872,0.524431250985131,0.556629765065371,0.42368125701459003,0.557268953922135,0.420025456088248,0.4259801529201239,0.5919455682236121,0.5455997869790971,0.45705361790734,0.6206588556717281,0.487852366037416,0.033372360892749975,0.06782690994916801,41401.0,White,16686.0,0.4030337431463008,35.4,Republican,Republican,Republican,Republican,
Calhoun,48057,0.38372093023255793,0.559094523174781,0.561151079136691,0.29233725678597194,0.593798232075207,0.32789855072463797,0.30238801752154904,0.6015621346054909,0.5502254703778571,0.288066514509292,0.595949674945045,0.48140009417673796,-0.004270742276679951,0.1535015434521,21807.0,White,9314.0,0.4271105608290916,37.7,Republican,Republican,Republican,Republican,
Callahan,48059,0.148572501878287,0.6387330183106911,0.6154201826378449,0.0,0.652392203189604,0.3415572657311,0.0,0.679119905493207,0.617960426179604,0.10250839423266803,0.683771411695216,0.546701220170608,0.10250839423266803,0.20514395443950795,13770.0,White,11900.0,0.8641975308641975,42.9,Republican,Republican,Republican,Republican,
Cameron,48061,0.652838285974381,0.434308995125794,0.43585092815644005,0.632162021810628,0.459509625326178,0.21664291607290198,0.661993652964621,0.48664270592289904,0.473417170838308,0.63290405504171,0.5078258086751021,0.384693318596726,0.0007420332310820177,0.16805040252382403,421750.0,White,38334.0,0.09089270895080023,31.5,Democrat,Democrat,Democrat,Democrat,
Camp,48063,0.320876585928489,0.563825497943714,0.6199942791762011,0.0,0.0,0.0,0.0,0.6112410289492779,0.5992084432717679,0.27519876891510603,0.6113216676074511,0.514312096029548,0.27519876891510603,0.514312096029548,12813.0,White,7176.0,0.5600561929290564,38.7,Republican,Republican,Republican,Republican,
Carson,48065,0.0,0.6790682626981559,0.661029061457837,0.0879828326180258,0.688126819799418,0.43817583450869796,0.0,0.698317696538337,0.692842251563586,0.0794809407948094,0.683274021352313,0.583806818181818,-0.008501891823216395,0.14563098367312005,6032.0,White,5186.0,0.8597480106100795,40.3,Republican,Republican,Republican,Republican,
Cass,48067,0.260725229826353,0.602711397058823,0.639834431675835,0.0,0.0,0.0,0.0,0.657858455882353,0.624619529963575,0.18862477143682,0.658153886554622,0.518254364089776,0.18862477143682,0.518254364089776,30087.0,White,22983.0,0.7638847342706152,43.4,Republican,Republican,Republican,Republican,
Castro,48069,0.0,0.4867278590920371,0.552242609582059,0.16444073455759603,0.49181344579508796,0.302143757881463,0.0,0.49106921359464206,0.514018691588785,0.228691476590636,0.47308360208385,0.43681174619821705,0.06425074203303996,0.13466798831675403,7787.0,White,2523.0,0.3240015410299217,35.3,Republican,Republican,Republican,Republican,
Chambers,48071,0.18344762034082399,0.6767722817415089,0.6201162007409899,0.152986829727187,0.7154091634374291,0.338696829695715,0.0,0.7670389788010029,0.628640416047548,0.18279005706040502,0.7969284248917259,0.545139261325038,0.029803227333218024,0.20644243162932296,40292.0,White,27186.0,0.6747245110691948,35.4,Republican,Republican,Republican,Republican,
Cherokee,48073,0.235453481928453,0.521585209951814,0.612405731523379,0.0,0.530238961549808,0.36179525222551895,0.0,0.5464647457960471,0.604282886449523,0.210084588950568,0.54632707247517,0.544747642018864,0.210084588950568,0.1829523897933451,51903.0,White,31641.0,0.6096179411594705,37.8,Republican,Republican,Republican,Republican,
Childress,48075,0.0,0.497798608152251,0.569472182596291,0.10181818181818199,0.507314301945746,0.307950727883539,0.0,0.506036074421247,0.584900364861072,0.11293054771315598,0.501633290725749,0.501415628539071,0.011112365894973997,0.19346490065553196,7226.0,White,4172.0,0.5773595350124551,30.9,Republican,Republican,Republican,Republican,
Clay,48077,0.0,0.7125186011904759,0.6649262498368361,0.10916724982505198,0.7075892857142858,0.37565720294426896,0.0,0.7120535714285708,0.659743991640543,0.10663562281722899,0.708705357142857,0.563648293963255,-0.002531627007822987,0.18799109101898603,10387.0,White,9356.0,0.9007413112544527,46.2,Republican,Republican,Republican,Republican,
Cochran,48079,0.0,0.569235689158938,0.515168539325843,0.131313131313131,0.567636712503997,0.27887323943662,0.0,0.568276303165974,0.510410804727068,0.18115942028985502,0.556443875919412,0.396551724137931,0.049846288976724024,0.11767848470131098,2904.0,White,1068.0,0.3677685950413223,34.5,Republican,Republican,Republican,Republican,
Coke,48081,0.11622962437987198,0.695180722891566,0.611351819757366,0.0,0.642771084337349,0.3687910028116211,0.0,0.660240963855422,0.6646897810218979,0.0795620437956204,0.685240963855422,0.602197802197802,0.0795620437956204,0.23340679938618086,3275.0,White,2475.0,0.7557251908396947,50.3,Republican,Republican,Republican,Republican,
Coleman,48083,0.13402061855670097,0.6691399662731871,0.5866935483870971,0.0,0.6634064080944351,0.37959667852906304,0.0,0.6680157391793139,0.6130932346011441,0.10398724082934599,0.6591343451377181,0.5347091932457789,0.10398724082934599,0.1551125147167159,8391.0,White,6463.0,0.7702300083422715,46.5,Republican,Republican,Republican,Republican,
Collin,48085,0.250803006722077,0.531430002504383,0.677685023113864,0.282056472017002,0.621859022039952,0.365829951486755,0.337397396286224,0.6886689535110121,0.676885929475571,0.4239567385350089,0.738665108948655,0.615993064400022,0.1419002665180069,0.250163112913267,944350.0,White,547403.0,0.5796611425848467,36.6,Republican,Republican,Republican,Republican,
Collingsworth,48087,0.0,0.6100752371606151,0.615549597855228,0.10481927710843401,0.618580307491004,0.43892120571126403,0.0,0.621851488387308,0.608627038400842,0.0949367088607595,0.619888779849526,0.500263852242744,-0.009882568247674514,0.061342646531479916,2996.0,White,1878.0,0.6268357810413885,39.2,Republican,Republican,Republican,Republican,
Colorado,48089,0.23505535055350602,0.6253233687841329,0.622845322914273,0.18563218390804603,0.6425217974513749,0.38920369818073397,0.206727971132581,0.6644150617993679,0.6194390367005551,0.22546591945783898,0.663888090447447,0.5536874007793331,0.03983373554979294,0.16448370259859912,21022.0,White,11855.0,0.5639330225478071,42.5,Republican,Republican,Republican,Republican,
Comal,48091,0.206346146431738,0.6960321557636989,0.687072847682119,0.317343833900125,0.7587672394719369,0.424421359577182,0.199901799290421,0.851694446493104,0.6834009850083891,0.26207140105303695,0.922680507412051,0.6224309337063499,-0.05527243284708805,0.19800957412916792,135097.0,White,91969.0,0.6807627112371111,42.0,Republican,Republican,Republican,Republican,
Comanche,48093,0.18111360391596998,0.6009016745384279,0.5838990115517451,0.0,0.6149277229139829,0.358431281275457,0.0,0.6376842707886071,0.587925036471776,0.144768069039914,0.654000286245885,0.5071670861144539,0.144768069039914,0.14873580483899695,13495.0,White,9438.0,0.6993701370878103,44.8,Republican,Republican,Republican,Republican,
Concho,48095,0.168287937743191,0.40836799608514796,0.615937687237867,0.0,0.402495718130658,0.36838905775076003,0.0,0.40641057010031795,0.659843467790488,0.134010152284264,0.40689992659652596,0.592303066746843,0.134010152284264,0.22391400899608294,4233.0,White,1706.0,0.40302386014646824,41.9,Republican,Republican,Republican,Republican,
Cooke,48097,0.0,0.59525977573692,0.630244755244755,0.112976406533575,0.623695917995681,0.367747048763192,0.0,0.65267840882483,0.6422051261609599,0.14896390832990303,0.66571272471837,0.569563858058465,0.03598750179632802,0.20181680929527301,39571.0,White,29979.0,0.7576002628187309,40.4,Republican,Republican,Republican,Republican,
Coryell,48099,0.298296634815123,0.459900779964981,0.48596810014132796,0.21802457897132502,0.46750145911816204,0.24934740665077698,0.26508609129432,0.49880617604923905,0.49577172641208395,0.30127728174603197,0.5101740330026,0.419333870674189,0.08325270277470695,0.169986464023412,75389.0,White,44478.0,0.5899799705527332,31.5,Republican,Republican,Republican,Republican,
Cottle,48101,0.0,0.7395348837209301,0.665768194070081,0.114441416893733,0.724252491694352,0.336697247706422,0.0,0.712292358803987,0.5708955223880601,0.152364273204904,0.7016611295681059,0.540719696969697,0.03792285631117101,0.204022449263275,1623.0,White,867.0,0.5341959334565619,37.9,Republican,Republican,Republican,Republican,
Crane,48103,0.222741433021807,0.5408,0.54268808114962,0.247943595769683,0.5766857142857139,0.337296868806976,0.22582972582972602,0.612114285714286,0.517550410754294,0.22180094786729898,0.604571428571429,0.398865784499055,-0.02614264790238402,0.06156891569207901,4839.0,White,1548.0,0.3199008059516429,32.4,Republican,Republican,Republican,Republican,
Crockett,48105,0.392612859097127,0.680828179618177,0.57740916271722,0.39880239520958094,0.68163484807744,0.329388560157791,0.331182795698925,0.685937079860177,0.546844374754998,0.260971786833856,0.665770368378596,0.515347334410339,-0.13783060837572492,0.18595877425254798,3633.0,White,1295.0,0.35645472061657035,35.9,Republican,Republican,Republican,Republican,
Crosby,48107,0.0,0.6053804258128399,0.501635768811341,0.21570397111913397,0.593167189305166,0.30829159710628806,0.0,0.594982670407658,0.489597780859917,0.264542936288089,0.57979864664136,0.41104469114716796,0.04883896516895503,0.1027530940408799,5861.0,White,2330.0,0.3975430813854291,38.1,Republican,Republican,Republican,Republican,
Culberson,48109,0.5875,0.6659716430358629,0.5510331872260489,0.619335347432024,0.733527939949958,0.18817509948834601,0.616688396349413,0.7360300250208509,0.434560906515581,0.5323325635103929,0.7130942452043371,0.506432748538012,-0.08700278392163108,0.318257649049666,2241.0,White,534.0,0.23828647925033467,43.0,Democrat,Democrat,Democrat,Democrat,
Dallam,48111,0.0,0.452633149336118,0.5085695451549109,0.0975609756097561,0.461285991347158,0.27846054333764597,0.0,0.4700880202894229,0.49444620755315793,0.107364685004437,0.449798597642846,0.37379767827529,0.009803709394680893,0.09533713493764401,7243.0,White,3655.0,0.5046251553223803,31.6,Republican,Republican,Republican,Republican,
Dallas,48113,0.5398159190972399,0.4795440719103621,0.6287970699525961,0.515505074565326,0.540296105322573,0.367441295763752,0.6573233900297559,0.544030988045887,0.5981258067545779,0.6289867315123511,0.5613378268758721,0.573039396170839,0.11348165694702506,0.20559810040708698,2586552.0,White,765816.0,0.2960760116170098,33.3,Democrat,Democrat,Democrat,Democrat,
Dawson,48115,0.238539665111172,0.543627557290537,0.48444148936170206,0.0,0.5353863948528879,0.27734269511207105,0.0,0.5307597773440321,0.48529011168618896,0.224503311258278,0.517241379310345,0.42208245981830894,0.224503311258278,0.1447397647062379,12964.0,White,4630.0,0.35714285714285715,33.0,Republican,Republican,Republican,Republican,
Deaf Smith,48117,0.0,0.42855667974396006,0.519272464466394,0.147403072421361,0.43645467685319,0.32335895919574204,0.0,0.447346685938468,0.487306715901223,0.241352201257862,0.454934957670865,0.432996709406558,0.093949128836501,0.10963775021081595,18899.0,White,4781.0,0.25297634795491825,32.0,Republican,Republican,Republican,Republican,
Delta,48119,0.21836834391792898,0.622251959472376,0.628878648233487,0.0,0.0,0.0,0.0,0.7348499330911871,0.60639958376691,0.15848670756646202,0.7400114700822019,0.505295789201757,0.15848670756646202,0.505295789201757,5215.0,White,4232.0,0.8115052732502397,42.3,Republican,Republican,Republican,Republican,
Denton,48121,0.299661213191078,0.559117374519705,0.66208071172725,0.3381564349112429,0.61680103348254,0.352423899134086,0.31752934766456997,0.7010220128159079,0.651949270947478,0.413052063117037,0.771832469582593,0.57931043922202,0.0748956282057941,0.22688654008793396,807047.0,White,484341.0,0.6001397688114819,35.2,Republican,Republican,Republican,Republican,
Dickens,48125,0.0,0.546235679214403,0.784269662921348,0.1003861003861,0.539279869067103,0.39301972685887704,0.0,0.544189852700491,0.6992481203007521,0.123359580052493,0.525368248772504,0.593457943925234,0.022973479666393,0.20043821706635695,2216.0,White,1463.0,0.6601985559566786,43.9,Republican,Republican,Republican,Republican,
Dimmit,48127,0.701507882111035,0.687875150060024,0.424374636416521,0.682555780933063,0.7298919567827131,0.270285087719298,0.631937984496124,0.744197679071629,0.433526011560694,0.686141304347826,0.73609443777511,0.400108725197064,0.0035855234147630366,0.12982363747776599,10663.0,White,1008.0,0.09453249554534371,33.7,Democrat,Democrat,Democrat,Democrat,
Donley,48129,0.0,0.649986401958118,0.6422594142259411,0.0974576271186441,0.654881697035627,0.39202657807309,0.0,0.6287734566222459,0.6336505190311421,0.0878693623639191,0.6037530595594229,0.5792792792792789,-0.009588264754725004,0.18725270120618892,3387.0,White,2749.0,0.8116327133156186,41.6,Republican,Republican,Republican,Republican,
Duval,48131,0.7800894854586129,0.7419792904430491,0.5113246396705561,0.706886403766922,0.711254455949754,0.40548926014319797,0.697919102174421,0.708877949414361,0.512092911877395,0.7349221789883271,0.7072653199796299,0.493459738389536,0.0280357752214051,0.08797047824633802,11355.0,White,1028.0,0.09053280493174813,36.1,Democrat,Democrat,Democrat,Democrat,
Eastland,48133,0.163418290854573,0.549426895549696,0.653281096963761,0.0,0.584781789807889,0.366614521026962,0.0,0.628531453478986,0.606164383561644,0.12091450652068902,0.62928483022117,0.531127073713015,0.12091450652068902,0.16451255268605303,18270.0,White,14532.0,0.7954022988505747,42.4,Republican,Republican,Republican,Republican,
Ector,48135,0.220574968424851,0.47075038284839205,0.51513461598042,0.0,0.499868737694159,0.21936773308824598,0.0,0.533202071027492,0.509915479088596,0.255107639673369,0.554699919784146,0.407317329687377,0.255107639673369,0.18794959659913102,158342.0,White,52830.0,0.3336448952267876,30.3,Republican,Republican,Republican,Republican,
Edwards,48137,0.259887005649718,0.773226773226773,0.5717054263565889,0.32411504424778803,0.751248751248751,0.6010638297872339,0.262012692656392,0.755744255744256,0.729015201586252,0.18725617685305604,0.721778221778222,0.532179930795848,-0.136858867394732,-0.06888389899138592,2055.0,White,859.0,0.4180048661800487,49.3,Republican,Republican,Republican,Republican,
El Paso,48141,0.653752844379853,0.443388909219669,0.48650696623642997,0.680042670900678,0.505439975419879,0.199212215113707,0.773283871027501,0.534843695161538,0.504230292302339,0.6802280752589419,0.570744660256018,0.44558554812731804,0.00018540435826386314,0.24637333301361106,837654.0,White,102112.0,0.12190236064055088,32.0,Democrat,Democrat,Democrat,Democrat,
Ellis,48139,0.24323578133627802,0.576585789719938,0.629818114371167,0.21489341954645302,0.6226990174453579,0.346954766965072,0.22918188174967002,0.683162890181138,0.629647385723231,0.29617091207888296,0.7222110821469151,0.563165201295696,0.08127749253242994,0.21621043433062404,168838.0,White,104141.0,0.6168101967566543,36.1,Republican,Republican,Republican,Republican,
Erath,48143,0.15699873896595198,0.5258115597783061,0.6368518797369871,0.139052425007009,0.5400365005132879,0.376702925335305,0.150902969084787,0.5687252573238321,0.6622744780052711,0.174153748813667,0.587516495117445,0.567988859440277,0.03510132380665798,0.19128593410497202,41482.0,White,31082.0,0.7492888481751121,30.0,Republican,Republican,Republican,Republican,
Falls,48145,0.0,0.531680286577857,0.572060216864933,0.26597131681877395,0.551718347699541,0.31125088769402504,0.28800000000000003,0.5675584909884699,0.517751479289941,0.29464476210795804,0.578137243927012,0.453770936199051,0.028673445289184085,0.14252004850502598,17299.0,White,8878.0,0.5132088560032372,39.3,Republican,Republican,Republican,Republican,
Fannin,48147,0.22728089080459804,0.558543417366947,0.587868869767196,0.0,0.0,0.0,0.0,0.606339377856406,0.597305971600856,0.176362127777266,0.608934099955772,0.525227580863839,0.176362127777266,0.525227580863839,34175.0,White,27018.0,0.7905779078273591,41.9,Republican,Republican,Republican,Republican,
Fayette,48149,0.212341712341712,0.6319133338763541,0.682005671564836,0.153362170664569,0.646167630528631,0.48083953107273397,0.164830242766281,0.6627433412071351,0.685982916487433,0.192596108210726,0.672965708234911,0.637557492132656,0.039233937546157005,0.15671796105992203,25066.0,White,17917.0,0.7147929466209207,47.0,Republican,Republican,Republican,Republican,
Fisher,48151,0.0,0.690991444388525,0.597596504005827,0.30923694779116495,0.6977856064418722,0.448972232239452,0.0,0.6965274282838451,0.625,0.20481927710843398,0.677403120281832,0.554977711738484,-0.10441767068273097,0.106005479499032,3883.0,White,2492.0,0.6417718259078032,44.4,Republican,Republican,Republican,Republican,
Floyd,48153,0.0,0.662426310890475,0.498126463700234,0.10837887067395299,0.6326403971455171,0.269249632172634,0.0,0.631864722308408,0.5018413945494721,0.22051009564293303,0.61045609680422,0.478271918678526,0.11213122496898004,0.209022286505892,5872.0,White,2184.0,0.37193460490463215,36.9,Republican,Republican,Republican,Republican,
Foard,48155,0.0,0.800898203592814,0.46261682242990704,0.265861027190332,0.800898203592814,0.309345794392523,0.0,0.7095808383233531,0.5527426160337551,0.225950782997763,0.679640718562874,0.49229074889867797,-0.039910244192569,0.18294495450615494,1408.0,White,1095.0,0.7776988636363636,49.3,Republican,Republican,Republican,Republican,
Fort Bend,48157,0.418935164524913,0.559832585949178,0.67010667903525,0.408863538625201,0.629765989787652,0.36992072611124394,0.480368353045659,0.690072175955584,0.6494772880869211,0.528849201535494,0.7633297532471078,0.607716591297297,0.119985662910293,0.2377958651860531,739342.0,White,249314.0,0.33721065487960916,36.0,Republican,Republican,Republican,Democrat,Fort Bend
Franklin,48159,0.172851103804603,0.6144271570014139,0.653468385512584,0.0,0.0,0.0,0.0,0.6413012729844411,0.644169975003676,0.14217652958876598,0.63950966525224,0.588027130639929,0.14217652958876598,0.588027130639929,10679.0,White,8460.0,0.7922090083341137,43.0,Republican,Republican,Republican,Republican,
Freestone,48161,0.0,0.561213161081954,0.688786979588166,0.18641810918775,0.5768570851836899,0.394191234362698,0.17543632837750503,0.605419862737182,0.644744519463199,0.19573701591113798,0.600777149777957,0.559596808063839,0.009318906723387976,0.16540557370114106,19709.0,White,13225.0,0.6710132426810087,40.4,Republican,Republican,Republican,Republican,
Frio,48163,0.580403889304413,0.590753325201835,0.39435650378527204,0.545013477088949,0.579253063832259,0.18600220595608105,0.5126426493622729,0.5301155834349771,0.4896461049632961,0.540342298288509,0.49683452401696004,0.43032499415478104,-0.00467117880043999,0.24432278819869999,19394.0,White,3035.0,0.1564916984634423,31.4,Democrat,Democrat,Democrat,Democrat,
Gaines,48165,0.0,0.426280954011183,0.554544237719181,0.0931315483119907,0.460629921259843,0.319212188777406,0.0,0.491669519570923,0.547174190553557,0.121495327102804,0.505705808513066,0.43461581857159004,0.028363778790813296,0.11540362979418406,20321.0,White,11299.0,0.5560257861325723,27.9,Republican,Republican,Republican,Republican,
Galveston,48167,0.400148841937123,0.622394090124232,0.607713902784749,0.31908462207837796,0.660405274124727,0.340484036968116,0.337827703403488,0.7153469340116508,0.601486657037147,0.368857762389396,0.731391752400372,0.5368040138739609,0.04977314031101804,0.1963199769058449,327089.0,White,188666.0,0.5768032553830914,37.5,Republican,Republican,Republican,Republican,
Garza,48169,0.0,0.428726203374091,0.563176895306859,0.0998810939357907,0.42346386008357795,0.30738304093567304,0.0,0.421142238043646,0.545387725101066,0.13343677269200901,0.41742764277975497,0.477938450129774,0.033555678756218316,0.17055540919410095,6288.0,White,2562.0,0.4074427480916031,39.0,Republican,Republican,Republican,Republican,
Gillespie,48171,0.15265715879212802,0.7120827797237991,0.709657356100871,0.0,0.7307243225832429,0.48906275827869294,0.142728971962617,0.763336956959375,0.70546969776887,0.19796227015840198,0.771349196762894,0.6557573859484289,0.19796227015840198,0.16669462766973597,26208.0,White,19653.0,0.7498855311355311,50.3,Republican,Republican,Republican,Republican,
Glasscock,48173,0.0500863557858377,0.607667210440457,0.777181208053691,0.0,0.617455138662316,0.528401585204756,0.0,0.6272430668841761,0.788036410923277,0.0504504504504504,0.634584013050571,0.713367609254499,0.0504504504504504,0.18496602404974305,1430.0,White,804.0,0.5622377622377622,36.0,Republican,Republican,Republican,Republican,
Goliad,48175,0.27807945127179196,0.743134535367545,0.65304217991788,0.319942611190818,0.76629680998613,0.504615384615385,0.285865537321334,0.773509015256588,0.6774251389635999,0.25056799740344,0.768515950069348,0.556036816459123,-0.06937461378737803,0.05142143184373793,7531.0,White,4396.0,0.5837206214314168,46.0,Republican,Republican,Republican,Republican,
Gonzales,48177,0.281043593130779,0.620134295955975,0.493039159814378,0.217075141395098,0.611147574089968,0.306732755059893,0.24161285241770397,0.619477962336548,0.517440912795436,0.232504440497336,0.612409754127329,0.464138499587799,0.015429299102238003,0.157405744527906,20667.0,White,8667.0,0.41936420380316447,36.5,Republican,Republican,Republican,Republican,
Gray,48179,0.0,0.5562902152207679,0.599154435226548,0.0623342175066313,0.57665853117373,0.29011158137745297,0.0,0.564588418016419,0.5926275249548061,0.0878681977034448,0.550610161970268,0.484284332688588,0.0255339801968135,0.19417275131113504,22685.0,White,14504.0,0.6393652193079127,36.6,Republican,Republican,Republican,Republican,
Grayson,48181,0.240228090100322,0.5972600246531601,0.5854145023893621,0.0,0.0,0.0,0.0,0.651265335837256,0.6074336597944691,0.23484183791272198,0.667405709936547,0.536852021717034,0.23484183791272198,0.536852021717034,128560.0,White,97457.0,0.7580662725575606,39.9,Republican,Republican,Republican,Republican,
Gregg,48183,0.28170989752977804,0.528144253676169,0.6542284301068579,0.24508217661585602,0.558038281442537,0.345738259973502,0.264342036923367,0.570500287521564,0.609932754474635,0.2907149540426,0.5710013965333111,0.522788743741728,0.04563277742674399,0.17705048376822602,123494.0,White,71387.0,0.5780604725735663,35.4,Republican,Republican,Republican,Republican,
Grimes,48185,0.25718194254446,0.5451811757630429,0.6047986762272479,0.0,0.574462486844084,0.328731270038605,0.0,0.0,0.0,0.21752126925730103,0.6133288227334239,0.5330636759208189,0.21752126925730103,0.20433240588221396,27630.0,White,16163.0,0.5849800941006152,40.3,Republican,Republican,Republican,Republican,
Guadalupe,48187,0.293906665592005,0.582203705533972,0.648062784836574,0.27186591302643204,0.640797366440361,0.36313266734689004,0.292686703253221,0.71112952643063,0.6214332296310551,0.34862334902636105,0.7615047174473331,0.545001647314877,0.07675743599992901,0.18186897996798695,155137.0,White,78655.0,0.5070034872403102,36.7,Republican,Republican,Republican,Republican,
Hale,48189,0.0,0.540429520580046,0.45967453961128396,0.128457142857143,0.53356491053952,0.22605146223003,0.0,0.536790450197116,0.464845154332084,0.23089278543702302,0.526121357483528,0.391479773632362,0.10243564257988003,0.16542831140233202,34113.0,White,11669.0,0.3420690059508105,33.1,Republican,Republican,Republican,Republican,
Hall,48191,0.0,0.604235013420817,0.547384007897335,0.12436115843270899,0.607515657620042,0.28816887579774203,0.0,0.602743811512079,0.539831766452251,0.143003064351379,0.5923053981509101,0.49295065458207504,0.01864190591867,0.204781778784333,3074.0,White,1729.0,0.562459336369551,43.5,Republican,Republican,Republican,Republican,
Hamilton,48193,0.17652027027027,0.6334390043442529,0.658387395736793,0.156725627313863,0.632617118703769,0.451187824795843,0.13038704364534698,0.64142303628038,0.66684971627311,0.152304009575105,0.65457320652812,0.599461883408072,-0.004421617738757988,0.14827405861222903,8269.0,White,7004.0,0.8470189865763695,46.0,Republican,Republican,Republican,Republican,
Hansford,48195,0.0,0.536433279885979,0.65161076054467,0.0306038047973532,0.546944592909318,0.39381107491856704,0.0,0.546231961517905,0.6369863013698629,0.0577596266044341,0.5403527525387489,0.5651170458292121,0.027155821807080902,0.17130597091064503,5547.0,White,2911.0,0.524788173787633,34.3,Republican,Republican,Republican,Republican,
Hardeman,48197,0.0,0.621406136748007,0.581259720062208,0.161434977578475,0.620198115486833,0.260615504479938,0.0,0.612708383667553,0.597397476340694,0.124037639007699,0.590964000966417,0.47792313982011403,-0.037397338570776,0.21730763534017605,3952.0,White,2693.0,0.6814271255060729,42.4,Republican,Republican,Republican,Republican,
Hardin,48199,0.163531383870367,0.630749519538757,0.623197237456835,0.11737974792077499,0.658936579115951,0.323963223243799,0.0,0.69859979866386,0.596835045063928,0.128907986368351,0.697190445685,0.531542884145861,0.011528238447576,0.20757966090206204,56379.0,White,48896.0,0.867273275510385,39.0,Republican,Republican,Republican,Republican,
Harris,48201,0.475154307275963,0.500633623563666,0.639629788315944,0.450259277738073,0.5513030594181021,0.353742530165015,0.525698358402609,0.5430220888019269,0.586154353809212,0.556851891243015,0.582710459651439,0.528657884506738,0.10659261350494204,0.174915354341723,4602523.0,White,1384032.0,0.30071158797033715,33.3,Republican,Republican,Democrat,Democrat,Harris
Harrison,48203,0.30706025562994504,0.606801663847877,0.6600878844946639,0.269981757989325,0.65246606024592,0.345640091541731,0.254307451331394,0.677134281056208,0.603361760536442,0.261681011768839,0.6732336853011529,0.515378522122892,-0.008300746220485988,0.16973843058116106,66645.0,White,42414.0,0.6364168354715283,37.9,Republican,Republican,Republican,Republican,
Hartley,48205,0.0,0.45859452325965,0.691726618705036,0.0789946140035907,0.47179148795777,0.38951048951048906,0.0,0.49059716265259007,0.660390047074647,0.0757293606455618,0.467667436489607,0.568253968253968,-0.003265253358028908,0.17874347874347896,5767.0,White,3390.0,0.5878272932200451,39.1,Republican,Republican,Republican,Republican,
Haskell,48207,0.0,0.61027292761485,0.565277777777778,0.24812734082396998,0.592812341074758,0.305404632542179,0.0,0.575182234276996,0.5201886236369,0.150684931506849,0.5604339718596371,0.507864488808227,-0.09744240931712098,0.202459856266048,5809.0,White,3758.0,0.6469271819590291,42.4,Republican,Republican,Republican,Republican,
Hays,48209,0.387595455392066,0.623811271045239,0.621244262737687,0.38857952819682107,0.6880703041822811,0.377354861833536,0.39009145010168106,0.787415262648196,0.612289640737317,0.49624761159326897,0.8712232855535971,0.599820491576912,0.1076680833964479,0.22246562974337597,204150.0,White,111288.0,0.5451285819250551,31.6,Republican,Republican,Republican,Republican,Hays
Hemphill,48211,0.0,0.566850538481744,0.6992585727525489,0.0759036144578313,0.599684791174153,0.36355672360928604,0.0,0.621486734961912,0.7273879966187661,0.0901162790697674,0.5999474651956921,0.602451838879159,0.014212664611936099,0.23889511526987295,4061.0,White,2502.0,0.6161044077813347,35.2,Republican,Republican,Republican,Republican,
Henderson,48213,0.21283977110157395,0.612170834818927,0.581591263650546,0.0,0.6262542657770079,0.35312417396962203,0.0,0.64327917282127,0.605170434300645,0.18139345174088797,0.654803137574492,0.524454038076347,0.18139345174088797,0.17132986410672502,80460.0,White,63153.0,0.7848993288590604,43.9,Republican,Republican,Republican,Republican,
Hidalgo,48215,0.712025787255145,0.36690678124705606,0.496556066810193,0.648727281434831,0.417195273343054,0.260819600973054,0.666280653950954,0.436928942691305,0.520384380197271,0.7190337256130591,0.47109767536894104,0.422805623168248,0.07030644417822807,0.16198602219519398,849389.0,White,54299.0,0.06392712879493377,29.1,Democrat,Democrat,Democrat,Democrat,
Hill,48217,0.247882923620817,0.618541423238052,0.560403612237376,0.17701277068295396,0.6276895893299891,0.40885357548240603,0.189887897506291,0.650488757160364,0.574501642935378,0.20349497597204,0.643933996409131,0.506527992918787,0.02648220528908604,0.097674417436381,35399.0,White,25039.0,0.7073363654340518,42.1,Republican,Republican,Republican,Republican,
Hockley,48219,0.0,0.5747547416612161,0.542027006524048,0.128246753246753,0.5891868323523001,0.273514393546955,0.0,0.598212339219533,0.5366618075801749,0.17522559474979502,0.5911488990625681,0.44955008113290995,0.04697884150304202,0.17603568758595495,23162.0,White,10948.0,0.47267075382091356,33.5,Republican,Republican,Republican,Republican,
Hood,48221,0.170726306465899,0.664022507912938,0.6643912199140821,0.0,0.7014770817865661,0.38024677603542895,0.0,0.7479387284592242,0.69164859852146,0.164481288111275,0.7920167246297529,0.6189653896440289,0.164481288111275,0.23871861360859997,56901.0,White,48047.0,0.8443964077959966,46.7,Republican,Republican,Republican,Republican,
Hopkins,48223,0.242766407904023,0.591166349079947,0.613537958241124,0.0,0.0,0.0,0.0,0.639771337561503,0.6136474772171588,0.19409742600821697,0.6432695315832879,0.5273233707666459,0.19409742600821697,0.5273233707666459,36240.0,White,26657.0,0.7355684326710816,39.5,Republican,Republican,Republican,Republican,
Houston,48225,0.271784232365145,0.551070284847463,0.626548401896314,0.0,0.5452553514242371,0.36089644513137603,0.0,0.0,0.0,0.22610691144708397,0.5460559581998989,0.5716490469943671,0.22610691144708397,0.2107526018629911,22955.0,White,14185.0,0.6179481594423872,44.0,Republican,Republican,Republican,Republican,
Howard,48227,0.0,0.46255569519021994,0.536647113306576,0.146626196591174,0.479549868616474,0.255092316855271,0.0,0.48697589397920704,0.512961876832845,0.216909778498109,0.48240603221752504,0.438365896980462,0.07028358190693498,0.18327358012519102,36667.0,White,18015.0,0.4913137153298606,36.6,Republican,Republican,Republican,Republican,
Hudspeth,48229,0.487833140208575,0.46950517836593797,0.5287990196078429,0.4125,0.5002876869965479,0.27602070155261604,0.422502870264064,0.5293440736478711,0.47336956521739093,0.41271551724137895,0.552359033371692,0.4833333333333329,0.00021551724137897077,0.20731263178071685,4098.0,White,720.0,0.17569546120058566,37.6,Republican,Republican,Republican,Republican,
Hunt,48231,0.21583828943642003,0.549501329401247,0.596855983772819,0.0,0.0,0.0,0.0,0.60844779342614,0.611811850014312,0.221441554809843,0.6377410628243679,0.520827264782989,0.221441554809843,0.520827264782989,92152.0,White,66540.0,0.7220678878374859,37.8,Republican,Republican,Republican,Republican,
Hutchinson,48233,0.0,0.612731376975169,0.5841438255231359,0.0814056939501779,0.606455981941309,0.334698131467282,0.0,0.6147178329571109,0.5990746180963571,0.0941865705272645,0.607765237020316,0.49450304560986497,0.012780876577086597,0.15980491414258297,21571.0,White,15250.0,0.7069676880997636,37.3,Republican,Republican,Republican,Republican,
Irion,48235,0.130379746835443,0.8030018761726079,0.615264797507788,0.0,0.821138211382114,0.33511043412033503,0.0,0.8367729831144459,0.5822122571001489,0.105405405405405,0.814884302689181,0.56792018419033,0.105405405405405,0.23280975006999494,1524.0,White,1086.0,0.7125984251968503,44.1,Republican,Republican,Republican,Republican,
Jack,48237,0.0,0.519792127377267,0.630929589449053,0.10958904109588999,0.5300751879699249,0.36545682102628296,0.0,0.561366651923927,0.668898956076423,0.0940049663001064,0.5578283945157011,0.558771060455897,-0.015584074795783595,0.193314239429614,8842.0,White,6854.0,0.7751639900475006,39.7,Republican,Republican,Republican,Republican,
Jackson,48239,0.22605058753236398,0.6166252220248671,0.578522871298537,0.15100101798439097,0.6251509769094139,0.33492442322991306,0.166009389671362,0.6463232682060389,0.585357810267121,0.16009232060428,0.649165186500888,0.521615409871949,0.009091302619889025,0.18669098664203593,14820.0,White,8717.0,0.588191632928475,38.5,Republican,Republican,Republican,Republican,
Jasper,48241,0.25976691343546104,0.6028003360403249,0.6337916937656789,0.19406328759451102,0.625399047885746,0.319795817848028,0.0,0.66155138616634,0.571071791398578,0.185033444816054,0.6369084290114809,0.525852972212452,-0.009029842778457031,0.20605715436442396,35504.0,White,26471.0,0.7455779630464173,40.9,Republican,Republican,Republican,Republican,
Jeff Davis,48243,0.5424013434089,0.6460290350128101,0.7871777924653008,0.582302568981922,0.7181895815542271,0.6248513674197379,0.421052631578947,0.706233988044407,0.735187424425635,0.380628717077315,0.7322801024765159,0.6862973760932939,-0.20167385190460702,0.061446008673555985,2234.0,White,1422.0,0.6365264100268576,54.8,Democrat,Democrat,Republican,Republican,
Jefferson,48245,0.57808723543629,0.562600833224324,0.623847134835023,0.462455082016049,0.5787103653581639,0.367887501455549,0.47294986047348997,0.591434675926476,0.595644859687808,0.483208830564873,0.585282610505286,0.5068099775822721,0.020753748548824003,0.1389224761267231,255210.0,White,104869.0,0.4109125817953842,36.0,Democrat,Republican,Republican,Republican,Jefferson
Jim Hogg,48247,0.8214496169711261,0.7122641509433959,0.44953642384106,0.7629427792915531,0.7271698113207551,0.190451478982875,0.767612076852699,0.74377358490566,0.5545408422120749,0.7695364238410601,0.7203773584905658,0.395495023572551,0.006593644549507061,0.205043544589676,5282.0,White,371.0,0.07023854600530102,34.7,Democrat,Democrat,Democrat,Democrat,
Jim Wells,48249,0.583863168263634,0.618272197463147,0.442274941581845,0.5373083475298129,0.628458788383368,0.22871615039937698,0.540342493030665,0.6491747881874721,0.47357700577118894,0.529294539657234,0.645207894607963,0.380887320201905,-0.008013807872578882,0.15217116980252804,41192.0,White,7432.0,0.18042338318120024,34.8,Democrat,Democrat,Democrat,Democrat,
Johnson,48251,0.21203931203931198,0.5251898180661749,0.61612988684101,0.16671219778718802,0.557024924801569,0.34831220115612394,0.182007504044611,0.608716392595439,0.632395837868431,0.216828110161443,0.64188320722965,0.543444602712578,0.05011591237425497,0.19513240155645406,163475.0,White,119128.0,0.7287230463373604,36.8,Republican,Republican,Republican,Republican,
Jones,48253,0.0,0.48401148401148403,0.574657394150133,0.166321396862977,0.489307989307989,0.341831057157309,0.0,0.4999504999505,0.593069306930693,0.15172137710168102,0.49163449163449197,0.503020539669754,-0.01460001976129599,0.16118948251244503,19891.0,White,10613.0,0.5335578905032426,38.5,Republican,Republican,Republican,Republican,
Karnes,48255,0.408514709399665,0.519360496492175,0.543057539940252,0.321359598300502,0.527253103076093,0.33124360286591603,0.297827610371409,0.535213167835942,0.539576506175952,0.342974210653169,0.54094711279007,0.517396184062851,0.02161461235266704,0.186152581196935,15387.0,White,5645.0,0.366868135439007,34.7,Republican,Republican,Republican,Republican,
Kaufman,48257,0.25640080523972897,0.558103531688437,0.6114597780859921,0.0,0.596081277213353,0.334063793523253,0.0,0.654165457184325,0.6189947935155601,0.29131135607321096,0.698171262699565,0.533067243195299,0.29131135607321096,0.19900344967204597,118910.0,White,77641.0,0.6529391977125557,35.6,Republican,Republican,Republican,Republican,
Kendall,48259,0.15483510340972598,0.7480694402873391,0.7158004241187529,0.0,0.8001496557916791,0.446826020274567,0.14573036457059,0.8701586351391801,0.702910016510732,0.21088675159877102,0.9118527387009878,0.6518627933694399,0.21088675159877102,0.20503677309487284,41982.0,White,30601.0,0.7289076270782716,42.1,Republican,Republican,Republican,Republican,
Kenedy,48261,0.401162790697674,0.8653846153846151,0.47777777777777797,0.56,0.8317307692307689,0.361271676300578,0.548387096774194,0.764423076923077,0.5849056603773579,0.45853658536585395,0.7283653846153849,0.676567656765677,-0.1014634146341461,0.315295980465099,595.0,White,72.0,0.12100840336134454,39.5,Republican,Democrat,Democrat,Republican,
Kent,48263,0.0,0.758663366336634,0.66068515497553,0.21172638436482102,0.756188118811881,0.502454991816694,0.0,0.761138613861386,0.7056910569105691,0.0901162790697674,0.7165841584158421,0.59412780656304,-0.12161010529505363,0.09167281474634603,749.0,White,613.0,0.8184245660881175,51.8,Republican,Republican,Republican,Republican,
Kerr,48265,0.183646418940537,0.6424785894206549,0.686227770285105,0.0,0.657853904282116,0.45751393738896007,0.17268317809160003,0.698015113350126,0.6725656052426461,0.234616250281341,0.716554156171285,0.624736353665739,0.234616250281341,0.16722241627677892,51365.0,White,35484.0,0.6908205976832473,47.7,Republican,Republican,Republican,Republican,
Kimble,48267,0.10465116279069801,0.629476883004124,0.652413793103448,0.0,0.624484480138919,0.42787625999304796,0.0,0.632949858910354,0.678326474622771,0.0988372093023256,0.626220968092034,0.5961871750433281,0.0988372093023256,0.16831091505028012,4408.0,White,3193.0,0.7243647912885662,52.9,Republican,Republican,Republican,Republican,
King,48269,0.0,0.6328671328671329,0.8011049723756909,0.0106382978723404,0.65034965034965,0.5053763440860221,0.0,0.706293706293706,0.787128712871287,0.0229007633587786,0.63986013986014,0.715846994535519,0.012262465486438202,0.21047065044949698,228.0,White,190.0,0.8333333333333334,46.5,Republican,Republican,Republican,Republican,
Kinney,48271,0.41304347826086996,0.644802668148972,0.614655172413793,0.441419141914191,0.637854363535297,0.5281045751633989,0.32192737430167606,0.624235686492496,0.6375779162956371,0.28013300083125503,0.62201222901612,0.537533512064343,-0.16128614108293599,0.00942893690094404,3675.0,White,1375.0,0.3741496598639456,41.7,Republican,Republican,Republican,Republican,
Kleberg,48273,0.49561744147342696,0.5157356289573,0.545086180828546,0.525961704329826,0.542871401391098,0.333065211146222,0.491579708647588,0.56171048937962,0.537453495474485,0.504202648244099,0.563301207074015,0.48089700996677703,-0.021759056085727035,0.14783179882055503,31425.0,White,6419.0,0.20426412092283214,28.0,Republican,Democrat,Republican,Democrat,
Knox,48275,0.0,0.608496907770906,0.667255855059655,0.15777777777777802,0.637805861790804,0.379426644182125,0.0,0.6571659048131221,0.5593289689034371,0.18596171376481302,0.650174778166174,0.453680727874276,0.028183935987035003,0.07425408369215097,3733.0,White,2191.0,0.5869274042325208,39.5,Republican,Republican,Republican,Republican,
La Salle,48283,0.5845786013150029,0.573627650304967,0.42354430379746794,0.5564516129032261,0.6769471013078271,0.22520184544406,0.541014698909436,0.605576532094104,0.505755395683453,0.5724734042553189,0.7062268202225259,0.360143725815368,0.016021791352092807,0.13494188037130803,7409.0,White,1125.0,0.15184235389391282,33.8,Democrat,Democrat,Democrat,Democrat,
Lamar,48277,0.23696079565167102,0.5646576828068199,0.615094608052354,0.0,0.0,0.0,0.0,0.623179965055329,0.606606509829198,0.202536210108781,0.631594802482277,0.5290788260358039,0.202536210108781,0.5290788260358039,49532.0,White,37005.0,0.7470927885003634,40.8,Republican,Republican,Republican,Republican,
Lamb,48279,0.0,0.5948343707519499,0.494467163820063,0.141509433962264,0.595120555197825,0.25486895888434696,0.0,0.594047363525792,0.482114898229556,0.182576193214491,0.5758031051012379,0.43215705765407597,0.041066759252227,0.177288098769729,13262.0,White,5252.0,0.39601870004524203,36.0,Republican,Republican,Republican,Republican,
Lampasas,48281,0.200491668942912,0.637139807897545,0.584031267448353,0.15857811834823302,0.6651420440107739,0.35895476772616103,0.170688220610959,0.7006149311378771,0.610256782242855,0.19789196310935397,0.7110840067083399,0.542452830188679,0.03931384476112096,0.18349806246251793,20640.0,White,14980.0,0.7257751937984496,42.2,Republican,Republican,Republican,Republican,
Lavaca,48285,0.201027233635929,0.6677049265431141,0.650909656352045,0.13952569169960502,0.681669521881327,0.385347650597822,0.137066300240467,0.6883143850905881,0.658646956784071,0.118480360592402,0.681980999844261,0.591078632868996,-0.021045331107203025,0.20573098227117398,19941.0,White,14734.0,0.7388796951005466,43.5,Republican,Republican,Republican,Republican,
Lee,48287,0.23082287308228697,0.563508307247773,0.666595449204145,0.19416569428238,0.594509992776306,0.43388011340623706,0.18679475449832303,0.619672525884903,0.637070137944434,0.20762132604237898,0.6250902961714421,0.5635593220338979,0.013455631759998976,0.12967920862766086,16952.0,White,10773.0,0.6355002359603587,41.5,Republican,Republican,Republican,Republican,
Leon,48289,0.15015290519877697,0.7052014652014649,0.679409931435695,0.10141617176793101,0.647878102493899,0.392742305925586,0.10898082744702302,0.6074578989574979,0.654125412541254,0.11580381471389599,0.658948872090947,0.5966940655767321,0.014387642945964979,0.2039517596511461,17098.0,White,13048.0,0.763130190665575,45.0,Republican,Republican,Republican,Republican,
Liberty,48291,0.22839613610651802,0.556548523987679,0.545903703175847,0.18776671408250398,0.5595891225890041,0.298943986392308,0.0,0.577370014409793,0.5599670284379721,0.20776774068885603,0.580331293047605,0.471570458790833,0.020001026606352057,0.17262647239852497,81862.0,White,52825.0,0.6452932984779263,35.7,Republican,Republican,Republican,Republican,
Limestone,48293,0.0,0.5639753677728361,0.5803760994843801,0.215808993973111,0.573469038658912,0.321700223713647,0.21627491057741396,0.5842456380431059,0.57297613819353,0.22682190599396299,0.580738966814916,0.5122974963181149,0.011012912020851973,0.19059727260446796,23515.0,White,13816.0,0.5875398681692536,40.0,Republican,Republican,Republican,Republican,
Lipscomb,48295,0.0,0.576317383403998,0.626379400945875,0.0720720720720721,0.5999394306480921,0.448258455325593,0.0,0.6199273167777111,0.661455788959453,0.0876383763837638,0.6014536644457901,0.5458207452165159,0.015566304311691703,0.09756228989092292,3469.0,White,2252.0,0.6491784375900836,34.9,Republican,Republican,Republican,Republican,
Live Oak,48297,0.276945384243596,0.608186627352355,0.590047055468416,0.177163754571312,0.6144306651634721,0.347353563867325,0.17433751743375198,0.629607145954384,0.5925619834710739,0.167849344978166,0.624663949353916,0.508676940163821,-0.009314409593146,0.161323376296496,12123.0,White,6847.0,0.5647941928565536,42.2,Republican,Republican,Republican,Republican,
Llano,48299,0.17352304361274404,0.720428993316409,0.6975188781014019,0.0,0.748251385938552,0.4940451461016479,0.0,0.785140666286721,0.7014649597466021,0.18762164266251502,0.80840370965235,0.6585912965455359,0.18762164266251502,0.16454615044388804,20640.0,White,17880.0,0.8662790697674418,57.6,Republican,Republican,Republican,Republican,
Loving,48301,0.234375,1.4390243902438997,0.542372881355932,0.23809523809523803,1.48780487804878,0.344262295081967,0.136363636363636,1.34146341463415,0.6,0.160714285714286,1.4756097560975598,0.462809917355372,-0.07738095238095202,0.11854762227340504,102.0,White,83.0,0.8137254901960784,55.4,Republican,Republican,Republican,Republican,
Lubbock,48303,0.0,0.537906473813887,0.6160549388272161,0.22505878401074897,0.563305371353974,0.303259118720037,0.0,0.5969565794334201,0.594893361369781,0.308841829494597,0.629467311740804,0.521949690909609,0.08378304548384802,0.21869057218957194,301454.0,White,162667.0,0.5396080330664048,30.7,Republican,Republican,Republican,Republican,
Lynn,48305,0.0,0.642265426880811,0.515398789155041,0.17836498761354302,0.653254437869823,0.31340579710144895,0.0,0.6557903634826711,0.520494972931168,0.173325499412456,0.662552831783601,0.434294462873182,-0.005039488201087017,0.12088866577173307,5808.0,White,2852.0,0.49104683195592286,38.2,Republican,Republican,Republican,Republican,
Madison,48313,0.24751737835153897,0.474165690866511,0.621700879765396,0.0,0.5082699063231849,0.352483801295896,0.0,0.0,0.0,0.19082377476538098,0.541349531615925,0.5185886170068951,0.19082377476538098,0.16610481571099905,14128.0,White,7815.0,0.5531568516421291,34.7,Republican,Republican,Republican,Republican,
Marion,48315,0.328926373375883,0.6630001896453629,0.627431350114417,0.0,0.0,0.0,0.0,0.688033377583918,0.597160970231532,0.2776069331842331,0.695145078702826,0.48792797708361796,0.2776069331842331,0.48792797708361796,10083.0,White,7142.0,0.7083209362292968,50.1,Republican,Republican,Republican,Republican,
Martin,48317,0.13422007255139098,0.6059595749114399,0.568775790921596,0.0,0.644300896020004,0.390038809831824,0.0,0.6515940821004379,0.573712823792773,0.12753807106599002,0.672223379870806,0.48853068815871,0.12753807106599002,0.098491878326886,5614.0,White,2978.0,0.5304595653722836,32.2,Republican,Republican,Republican,Republican,
Mason,48319,0.186354378818737,0.7058823529411771,0.6935028248587571,0.0,0.715104685942173,0.477866852561868,0.0,0.738285144566301,0.696488858879136,0.184959349593496,0.734297108673978,0.6680244399185339,0.184959349593496,0.19015758735666588,4161.0,White,3029.0,0.7279500120163422,46.9,Republican,Republican,Republican,Republican,
Matagorda,48321,0.350448979591837,0.57100430494251,0.584530228563249,0.282565415244596,0.571222276715165,0.33541616980682104,0.289569069673782,0.5881695820391261,0.575114652337055,0.258649868371568,0.58667102610212,0.49396247445662295,-0.023915546873027993,0.1585463046498019,36743.0,White,16330.0,0.4444383964292518,37.8,Republican,Republican,Republican,Republican,
Maverick,48323,0.7583246863503441,0.50947325739983,0.38349672611511104,0.7886799478681809,0.532511334734048,0.18589277679714802,0.727112157786282,0.564912086696893,0.44331343186192895,0.6881959910913139,0.577518522614177,0.343896601244615,-0.10048395677686695,0.158003824447467,57970.0,White,1439.0,0.0248231844057271,29.6,Democrat,Democrat,Democrat,Democrat,
McCulloch,48307,0.154859967051071,0.614511650368224,0.596267190569745,0.0,0.631172280574671,0.33530986993114004,0.0,0.637933116020765,0.598978046934141,0.130114264651677,0.627912592056018,0.5216304556815999,0.130114264651677,0.1863205857504599,8098.0,White,4945.0,0.6106446036058286,44.6,Republican,Republican,Republican,Republican,
McLennan,48309,0.0,0.5279005219108921,0.601256380688187,0.271854289707407,0.548049006836777,0.34458598726114603,0.30598182359952303,0.579304062050352,0.591878426243001,0.341826434612796,0.5915983414642451,0.5453479168165789,0.069972144905389,0.20076192955543287,248429.0,White,139766.0,0.5625993744691642,33.2,Republican,Republican,Republican,Republican,
McMullen,48311,0.35496183206106896,0.933521923620934,0.7939393939393941,0.592452830188679,0.992927864214993,0.377492877492877,0.24048096192384802,1.001414427157,0.704802259887006,0.34012219959266804,0.9886845827439891,0.7024320457796851,-0.25233063059601096,0.3249391682868081,662.0,White,326.0,0.49244712990936557,40.2,Republican,Democrat,Republican,Republican,
Medina,48325,0.312044364134837,0.57655523192627,0.6050518378887839,0.279671332927572,0.6184845454940661,0.34645392563435695,0.249135147601476,0.6594574620701651,0.571673423646132,0.259755495183996,0.679759161848455,0.517890832347392,-0.019915837743576026,0.17143690671303502,49334.0,White,21679.0,0.43943325090201485,39.3,Republican,Republican,Republican,Republican,
Menard,48327,0.18358038768529103,0.7207850133809101,0.54269801980198,0.0,0.684656556645852,0.316612377850163,0.0,0.663693131132917,0.580645161290323,0.15569620253164598,0.63693131132917,0.553221288515406,0.15569620253164598,0.23660891066524298,2123.0,White,1319.0,0.6212906264719736,49.1,Republican,Republican,Republican,Republican,
Midland,48329,0.16116677800044502,0.5174031211643,0.6341608065746,0.0,0.5507627564439771,0.314191340337472,0.0,0.5837570869133211,0.621989987484355,0.18495072463768103,0.611359518382138,0.515368436148091,0.18495072463768103,0.20117709581061904,164194.0,White,75960.0,0.462623481978635,31.7,Republican,Republican,Republican,Republican,
Milam,48331,0.0,0.570505311629034,0.5937411498159161,0.233287046220988,0.582380740800582,0.34963240393952005,0.21877838328792001,0.5976895423516579,0.5952557950936,0.236623215394165,0.603708042169891,0.538940184664793,0.0033361691731770005,0.18930778072527293,24664.0,White,15426.0,0.625445994161531,41.3,Republican,Republican,Republican,Republican,
Mills,48333,0.130276895142987,0.678889789303079,0.657415696806923,0.0,0.684967585089141,0.40343093759242793,0.0,0.697123176661264,0.653007846556234,0.11204759543877,0.6920583468395459,0.5904566744730679,0.11204759543877,0.18702573688064,4902.0,White,3901.0,0.7957976336189311,50.6,Republican,Republican,Republican,Republican,
Mitchell,48335,0.209212225570383,0.478251621822822,0.516566599955526,0.0,0.485164309263001,0.270276194651469,0.0,0.47793257471019895,0.49399198931909205,0.136623376623377,0.4821865362118471,0.424569916188796,0.136623376623377,0.154293721537327,8558.0,White,4159.0,0.4859780322505258,34.1,Republican,Republican,Republican,Republican,
Montague,48337,0.0,0.640853998681475,0.6185803592624829,0.103650491130333,0.6561691769359499,0.5271659324522759,0.0,0.6752370809878799,0.654374765302291,0.107971207677953,0.685126020589279,0.555292376017765,0.004320716547619993,0.0281264435654891,19409.0,White,16694.0,0.8601164408264207,43.4,Republican,Republican,Republican,Republican,
Montgomery,48339,0.173300295148816,0.5627147577817471,0.675100894893841,0.0,0.618263243122265,0.37262173892984,0.0,0.0,0.0,0.234934415301522,0.730858855590614,0.571975405751067,0.234934415301522,0.19935366682122696,554445.0,White,370662.0,0.6685279874469063,36.9,Republican,Republican,Republican,Republican,Montgomery
Moore,48341,0.0,0.42147552958363793,0.540186308492201,0.0886806056236482,0.426177867056245,0.297161221210498,0.0,0.44133491599707797,0.5484638460742729,0.171548117154812,0.44247626004382795,0.419211721007016,0.0828675115311638,0.122050499796518,21801.0,White,7174.0,0.329067473969084,30.2,Republican,Republican,Republican,Republican,
Morris,48343,0.349332301141862,0.6369259316530079,0.627215343529983,0.0,0.0,0.0,0.0,0.661666924385341,0.5872867492404771,0.283739456419869,0.6388588217102211,0.5165194239380371,0.283739456419869,0.5165194239380371,12424.0,White,8046.0,0.6476175144880876,43.0,Republican,Republican,Republican,Republican,
Motley,48345,0.0,0.667768595041322,0.7425742574257429,0.0347593582887701,0.6520661157024791,0.474017743979721,0.0,0.68099173553719,0.7621359223300971,0.0723562152133581,0.7024793388429749,0.634117647058824,0.037596856924587994,0.160099903079103,1156.0,White,861.0,0.7448096885813149,38.3,Republican,Republican,Republican,Republican,
Nacogdoches,48347,0.291574492642108,0.45491600024797,0.7084114059891659,0.236861768368618,0.479960944764739,0.388937324421195,0.279449059903804,0.537443431901308,0.6594959340215699,0.32566168009206,0.5696794991011099,0.5910278034713531,0.08879991172344198,0.2020904790501581,65558.0,White,39079.0,0.5960981115958388,30.6,Republican,Republican,Republican,Republican,
Navarro,48349,0.263872720217307,0.5607206452288679,0.577673167451244,0.20576386736907298,0.5732062427987851,0.35381185585849,0.224513381995134,0.582654236933068,0.5910904972494879,0.261537397080191,0.597737509165183,0.506536291311814,0.05577352971111804,0.15272443545332398,48583.0,White,27526.0,0.5665767861186012,38.6,Republican,Republican,Republican,Republican,
Newton,48351,0.317771340943943,0.573762547594323,0.708132239382239,0.246646026831785,0.620214607130495,0.32447817836812104,0.0,0.661336102457598,0.5866220035590911,0.211330362826225,0.640290758047767,0.5095686020110279,-0.035315664005559994,0.1850904236429069,14057.0,White,10335.0,0.7352208863911218,44.3,Republican,Republican,Republican,Republican,
Nolan,48353,0.0,0.548041535226078,0.548626933685094,0.183135215453195,0.5623685594111459,0.314596236998948,0.0,0.574855415352261,0.554590145192637,0.19745534621972102,0.5720294426919029,0.469554227941176,0.014320130766526024,0.154957990942228,14966.0,White,8432.0,0.5634103968996392,38.5,Republican,Republican,Republican,Republican,
Nueces,48355,0.46129385180110605,0.549092800898234,0.523520721145096,0.427206198880758,0.5593566572512729,0.305166416192868,0.489923770719157,0.586294871304997,0.524151380401161,0.474432330866976,0.600306269711336,0.461231504421312,0.047226131986218,0.156065088228444,360486.0,White,107652.0,0.2986301825868411,35.3,Republican,Republican,Republican,Republican,Nueces
Ochiltree,48357,0.0,0.490756138119926,0.598166234801674,0.0350657482780213,0.5106133228993449,0.305938697318008,0.0,0.5178519025726299,0.5719682659614661,0.0759702725020644,0.507385307639636,0.46693657219973,0.040904524224043094,0.16099787488172201,10348.0,White,4512.0,0.4360262852725164,31.6,Republican,Republican,Republican,Republican,
Oldham,48359,0.0,0.6491228070175439,0.651651651651652,0.0426287744227353,0.658382066276803,0.416728349370836,0.0,0.687134502923977,0.681560283687943,0.0709046454767726,0.665692007797271,0.5988286969253289,0.028275871054037297,0.1821003475544929,2090.0,White,1559.0,0.745933014354067,29.8,Republican,Republican,Republican,Republican,
Orange,48361,0.240006515719173,0.595293082591004,0.630067532894062,0.209457113091793,0.6178745555188969,0.34169880352022103,0.0,0.6484719625597221,0.608528519474646,0.18202128062403,0.64882632550069,0.49736336585182106,-0.02743583246776299,0.15566456233160003,84047.0,White,68118.0,0.810475091317953,37.8,Republican,Republican,Republican,Republican,
Palo Pinto,48363,0.20636267232237498,0.603358116039984,0.555981369023053,0.0,0.606275123617089,0.335269612157484,0.0,0.622425385080573,0.5906726867462989,0.176613243357233,0.635338479598734,0.531019036954087,0.176613243357233,0.195749424796603,28317.0,White,21299.0,0.7521630116184624,40.5,Republican,Republican,Republican,Republican,
Panola,48365,0.223502979388493,0.645192469322575,0.6667752230834371,0.18441064638783303,0.662716422928223,0.36689917564996793,0.17097852028639599,0.6868381240544631,0.640907978463045,0.17760309865573,0.686333837619768,0.537472446730345,-0.006807547732103014,0.17057327108037706,23440.0,White,17184.0,0.7331058020477815,39.3,Republican,Republican,Republican,Republican,
Parker,48367,0.136894686867853,0.632403123316257,0.655162620866861,0.12931981543676802,0.670828807717636,0.406167928810016,0.11980482403017599,0.7293353972991701,0.6777049449454139,0.144897405766971,0.780888930700351,0.6058133549454039,0.015577590330202978,0.19964542613538788,129802.0,White,108865.0,0.8387004822730004,39.7,Republican,Republican,Republican,Republican,
Parmer,48369,0.0,0.42935047229525797,0.579042866863234,0.0955459770114943,0.42740286298568503,0.317156527682843,0.0,0.43441425650014603,0.5577224837480389,0.17063684978123497,0.43061641834647996,0.46517412935323404,0.07509087276974068,0.14801760167039102,9852.0,White,3401.0,0.3452090946000812,33.9,Republican,Republican,Republican,Republican,
Pecos,48371,0.4603889943074,0.48810214741729496,0.557008851895891,0.571660181582361,0.526213967885471,0.37794117647058795,0.41900905192948995,0.526729863932418,0.5139569049951029,0.366815892557359,0.5267943509382861,0.43750765087526,-0.20484428902500196,0.059566474404672054,15797.0,White,4040.0,0.255744761663607,35.9,Republican,Democrat,Republican,Republican,
Polk,48373,0.246924520433695,0.8061788474665842,0.5239955204719889,0.18578090796611801,0.8183119371105191,0.282735051934772,0.0,0.8485896109043671,0.5196564340763421,0.22371311524075302,0.833505824323432,0.44496988270104604,0.037932207274635005,0.16223483076627404,47837.0,White,33877.0,0.708175679913038,43.6,Republican,Republican,Republican,Republican,
Potter,48375,0.0,0.419581574752422,0.5256102362204721,0.174821647330115,0.43608401542870795,0.262831925451722,0.0,0.45398230819422997,0.527899572455199,0.26385321100917397,0.454989964732021,0.44520485777043606,0.08903156367905898,0.18237293231871404,120899.0,White,53755.0,0.44462733355941736,33.8,Republican,Republican,Republican,Republican,
Presidio,48377,0.695417789757412,0.656050140700947,0.361668941314096,0.782857142857143,0.677027372729598,0.198375212544871,0.6505190311418679,0.6138398567408541,0.421546155449052,0.7148834429169159,0.622665643387056,0.34367296631059996,-0.06797369994022717,0.14529775376572895,7123.0,White,987.0,0.13856521128737892,41.8,Democrat,Democrat,Democrat,Democrat,
Rains,48379,0.180627625401532,0.605919003115265,0.6119764101013161,0.0,0.0,0.0,0.0,0.661627267729522,0.651017864561695,0.15370664248469698,0.697177936595199,0.579708240241819,0.15370664248469698,0.579708240241819,11473.0,White,9814.0,0.8553996339231239,48.3,Republican,Republican,Republican,Republican,
Randall,48381,0.0,0.6330171878235661,0.658732547336465,0.10203076056734599,0.664419134396355,0.354223806911684,0.0,0.7054959618968729,0.649974756666001,0.15898070772722597,0.7205218471733279,0.5571650284531819,0.056949947159879985,0.20294122154149796,132475.0,White,96014.0,0.7247707114549915,35.6,Republican,Republican,Republican,Republican,
Reagan,48383,0.17225433526011602,0.517077517077517,0.49684089603675996,0.294003868471954,0.5271755271755271,0.291267605633803,0.193997856377278,0.562221562221562,0.492868462757528,0.17835909631391197,0.546480546480546,0.4570652173913039,-0.115644772158042,0.1657976117575009,3752.0,White,1064.0,0.2835820895522388,31.4,Republican,Republican,Republican,Republican,
Real,48385,0.160517799352751,0.71804170444243,0.6502525252525251,0.0,0.7373828951344821,0.43442622950819704,0.10974178403755902,0.7624660018132371,0.67538644470868,0.160407383831954,0.778482925355092,0.609860248447205,0.160407383831954,0.17543401893900795,3389.0,White,2709.0,0.7993508409560343,55.0,Republican,Republican,Republican,Republican,
Red River,48387,0.273844353423054,0.5910575427682739,0.674516510985397,0.0,0.0,0.0,0.0,0.6413685847589421,0.633850630455868,0.214027149321267,0.639269051321928,0.537647488140129,0.214027149321267,0.537647488140129,12275.0,White,8982.0,0.7317311608961303,45.6,Republican,Republican,Republican,Republican,
Reeves,48389,0.606882168925965,0.455996517449031,0.45775656324582303,0.662305805396566,0.475295654066604,0.18668905510609102,0.5420129270544779,0.515272437060147,0.457476767107857,0.5424079437318989,0.512080098672277,0.3424482856333239,-0.1198978616646671,0.1557592305272329,15125.0,White,3117.0,0.20608264462809917,35.6,Democrat,Democrat,Democrat,Democrat,
Refugio,48391,0.38388625592417097,0.686170933224976,0.541452822739834,0.345067160722557,0.6830556684274681,0.428118183620861,0.343150231634679,0.6896925369091159,0.593479968578162,0.336396324410707,0.6677502370310171,0.507707910750507,-0.008670836311850005,0.07958972712964602,7236.0,White,3028.0,0.41846323935876173,41.9,Republican,Republican,Republican,Republican,
Roberts,48393,0.0,0.7179763186221741,0.770614692653673,0.0340909090909091,0.729817007534984,0.519174041297935,0.0,0.7717976318622171,0.789400278940028,0.0338983050847458,0.755651237890204,0.672364672364672,-0.00019260400616330497,0.15319063106673703,885.0,White,726.0,0.8203389830508474,38.0,Republican,Republican,Republican,Republican,
Robertson,48395,0.0,0.669414029599326,0.6565111889997299,0.327791902992372,0.683912886535916,0.449771287825475,0.281175312807535,0.6921549753338951,0.618252933507171,0.290225801357966,0.697689808687282,0.5460895059067,-0.03756610163440599,0.09631821808122504,16890.0,White,9728.0,0.5759621077560687,40.9,Republican,Republican,Republican,Republican,
Rockwall,48397,0.18561271434546203,0.593602001608435,0.771273736048687,0.0,0.0,0.0,0.0,0.732782720808813,0.7010661277959721,0.263715259840893,0.801766725812834,0.61641829066361,0.263715259840893,0.61641829066361,93642.0,White,67046.0,0.7159821447641016,37.6,Republican,Republican,Republican,Republican,
Runnels,48399,0.13931297709923698,0.625749928578231,0.558210318064222,0.0,0.6280354251976,0.35678544351781705,0.0,0.635748976287973,0.566506890353505,0.0979739945570003,0.634510998952481,0.49632297763770095,0.0979739945570003,0.1395375341198839,10310.0,White,6368.0,0.6176527643064985,40.8,Republican,Republican,Republican,Republican,
Rusk,48401,0.223587880083364,0.565085317832364,0.6209516856915319,0.179119947234524,0.569248078004875,0.34959483496936605,0.18985567438479897,0.5873429589349329,0.614947482680458,0.20608355729293898,0.5826551659478721,0.526888295304605,0.026963610058414966,0.17729346033523896,53595.0,White,34324.0,0.6404328762011382,38.5,Republican,Republican,Republican,Republican,
Sabine,48403,0.19283686394409302,0.682388776075318,0.6193696740159611,0.139862667148536,0.6879268968063499,0.37125989534415704,0.130462863293864,0.7113716079010519,0.602698845205657,0.12254655259184698,0.715894406498062,0.5123775141825679,-0.017316114556689036,0.1411176188384109,10458.0,White,8966.0,0.8573340982979537,52.7,Republican,Republican,Republican,Republican,
San Augustine,48405,0.319512195121951,0.67794698251551,0.613976705490849,0.285976505139501,0.6956570783981949,0.441705853737636,0.242525845208159,0.697123519458545,0.5791262135922329,0.23992068737607397,0.676706147772138,0.504417402900483,-0.04605581776342704,0.06271154916284699,8327.0,White,5741.0,0.6894439774228414,49.4,Republican,Republican,Republican,Republican,
San Jacinto,48407,0.238070752776635,0.599075197089145,0.615209414146527,0.0,0.626288659793814,0.3989348825950129,0.0,0.0,0.0,0.17547613952493002,0.6770770163735601,0.523175100761308,0.17547613952493002,0.1242402181662951,27819.0,White,20779.0,0.7469355476472914,44.7,Republican,Republican,Republican,Republican,
San Patricio,48409,0.382882661824606,0.6436331090673421,0.488539918484776,0.35062293414696194,0.617276711314116,0.294960251987401,0.371066612178177,0.6394049750015429,0.531494352736751,0.358109959984652,0.64073205357694,0.439357449063147,0.0074870258376900645,0.144397197075746,67046.0,White,26032.0,0.38827073949228885,35.3,Republican,Republican,Republican,Republican,
San Saba,48411,0.126209322779244,0.613439895612461,0.604626429141186,0.0,0.605773935736421,0.389606892837911,0.0,0.6158864785516229,0.624205508474576,0.105871029836381,0.60903604632197,0.5565077664702729,0.105871029836381,0.1669008736323619,5962.0,White,3846.0,0.6450855417645086,40.7,Republican,Republican,Republican,Republican,
Schleicher,48413,0.238938053097345,0.499855533082924,0.5878612716763011,0.36744186046511607,0.528171048829818,0.47045951859956203,0.20888468809073701,0.52701531349321,0.580043859649123,0.20271682340647898,0.510257151112395,0.5419026047565121,-0.16472503705863709,0.07144308615695005,3061.0,White,1444.0,0.47174126102580854,35.0,Republican,Republican,Republican,Republican,
Scurry,48415,0.0,0.543348501861592,0.55699369153796,0.106478290833908,0.554340760002364,0.3093816631130061,0.0,0.560486968855269,0.563475326866301,0.13163288544750598,0.549553808876544,0.47220131196902904,0.02515459461359798,0.16281964885602296,17239.0,White,9158.0,0.5312373107488834,36.1,Republican,Republican,Republican,Republican,
Shackelford,48417,0.0,0.6826524570751921,0.5923677363399829,0.0736196319018405,0.684724689165186,0.352356247297882,0.0,0.6891651865008879,0.653350515463918,0.0664605873261206,0.6850207223208999,0.5592048401037171,-0.007159044575719892,0.20684859280583506,3311.0,White,2830.0,0.854726668680157,43.0,Republican,Republican,Republican,Republican,
Shelby,48419,0.25490618934655995,0.550495127318453,0.6620029980726679,0.193353474320242,0.573090223200251,0.385833790455293,0.185545593702165,0.5963533480037719,0.602662098049552,0.193433544303797,0.5986325055014151,0.497833792831824,8.006998355500339e-05,0.11200000237653102,25478.0,White,15729.0,0.6173561504042704,37.2,Republican,Republican,Republican,Republican,
Sherman,48421,0.0,0.482860909690178,0.7180887372013649,0.0616666666666667,0.501318391562294,0.39447731755424104,0.0,0.500329597890574,0.6159420289855071,0.0838396111786148,0.501977587343441,0.540380827314511,0.022172944511948095,0.14590350976026994,3058.0,White,1721.0,0.5627861347285807,40.4,Republican,Republican,Republican,Republican,
Smith,48423,0.255433019785923,0.56840745014639,0.672449518887947,0.22402016588063103,0.6038509589250121,0.38845194099624103,0.24578200164261396,0.644739979209781,0.6303481225639929,0.279046339825386,0.6441153189582,0.573201066034942,0.05502617394475498,0.184749125038701,225015.0,White,134889.0,0.599466702219852,36.6,Republican,Republican,Republican,Republican,
Somervell,48425,0.170104549307714,0.6488810365135451,0.642403339989109,0.136141906873614,0.684570082449941,0.38799036476256,0.132700205338809,0.708716136631331,0.6474987535316601,0.15569347004857,0.7341578327444049,0.594577250120327,0.019551563174956016,0.20658688535776704,8743.0,White,6911.0,0.790460940180716,40.9,Republican,Republican,Republican,Republican,
Starr,48427,0.8579583057577759,0.49768731137646005,0.39837853870744505,0.8365916635927699,0.49601430258496293,0.17929301279719603,0.7481225213062191,0.524619472510169,0.37051743004533394,0.767567112681983,0.540791890827975,0.360407630948409,-0.06902455091078696,0.18111461815121296,63894.0,White,465.0,0.007277678655272795,28.7,Democrat,Democrat,Democrat,Democrat,
Stephens,48429,0.179819395367099,0.565316718587747,0.6267450404114621,0.0735042735042735,0.60266323024055,0.41696364932288,0.0,0.595015576323987,0.603315881326352,0.0973063973063973,0.575597092419522,0.53581093270792,0.023802123802123792,0.11884728338504003,9372.0,White,6709.0,0.7158557405036279,38.6,Republican,Republican,Republican,Republican,
Sterling,48431,0.0694736842105263,0.727034120734908,0.5716004813477739,0.0,0.73753280839895,0.545670225385528,0.0,0.818022747156605,0.677005347593583,0.0610997963340122,0.765529308836395,0.561142857142857,0.0610997963340122,0.015472631757329047,1141.0,White,606.0,0.5311130587204207,44.9,Republican,Republican,Republican,Republican,
Stonewall,48433,0.0,0.696644295302013,0.658959537572254,0.22622107969151697,0.679194630872483,0.384387351778656,0.0,0.669798657718121,0.7024048096192379,0.14910858995137802,0.642281879194631,0.6447230929989549,-0.07711248974013896,0.2603357412202989,1385.0,White,1075.0,0.776173285198556,52.0,Republican,Republican,Republican,Republican,
Sutton,48435,0.26551034022681796,0.6005329457364339,0.604679306171844,0.208499335989376,0.604166666666667,0.30192461908580603,0.22027972027972,0.613856589147287,0.5643251775848461,0.19851116625310197,0.5968992248062021,0.490665584415584,-0.009988169736274033,0.18874096532977797,3865.0,White,1470.0,0.38033635187580855,38.4,Republican,Republican,Republican,Republican,
Swisher,48437,0.0,0.521263050674815,0.5556912554958481,0.18536251709986298,0.523936847466259,0.355285540704739,0.0,0.517570664629488,0.543419434194342,0.19344773790951603,0.500636618283677,0.489064089521872,0.008085220809653043,0.13377854881713303,7484.0,White,3514.0,0.46953500801710313,35.7,Republican,Republican,Republican,Republican,
Tarrant,48439,0.382938050432326,0.500557756238965,0.6747426357719161,0.378669838969836,0.597213543900058,0.38656482181139296,0.386765268544646,0.5960203069704599,0.620548106557005,0.4568447026984,0.6256239517886341,0.555013143071724,0.07817486372856397,0.16844832126033105,2019977.0,White,958302.0,0.47441233241764635,34.3,Republican,Republican,Republican,Republican,Tarrant
Taylor,48441,0.0,0.556263592535702,0.6010225284339461,0.16817359855334502,0.576939455233982,0.313413557222127,0.0,0.597698964305811,0.596353735957558,0.22386897374120898,0.6054780770459139,0.516062996081583,0.055695375187863966,0.20264943885945602,136348.0,White,87125.0,0.6389899375128348,32.3,Republican,Republican,Republican,Republican,
Terrell,48443,0.45101351351351293,0.885162601626016,0.6796785304247989,0.550827423167849,0.835365853658537,0.5145985401459849,0.42824601366742604,0.711382113821138,0.6271428571428571,0.34764826175869107,0.702235772357724,0.70767004341534,-0.20317916140915798,0.19307150326935507,862.0,White,265.0,0.3074245939675174,51.9,Republican,Democrat,Republican,Republican,
Terry,48445,0.0,0.56572602956288,0.5179544501886271,0.166157871783689,0.567781203066951,0.31922595016009997,0.0,0.552446446921192,0.48004006295607393,0.196162046908316,0.52161884436013,0.42642824670404605,0.030004175124627025,0.10720229654394609,12615.0,White,5071.0,0.40198176773682126,34.7,Republican,Republican,Republican,Republican,
Throckmorton,48447,0.0,0.7787934186471659,0.636150234741784,0.108411214953271,0.789762340036563,0.412808641975309,0.0,0.749542961608775,0.656910569105691,0.09396914446002802,0.744058500914077,0.583947583947584,-0.014442070493242976,0.17113894197227497,1567.0,White,1292.0,0.824505424377792,46.6,Republican,Republican,Republican,Republican,
Titus,48449,0.29249773345421604,0.47807261705944204,0.5708371069996121,0.0,0.0,0.0,0.0,0.513484258056535,0.567307113172318,0.25977269888847304,0.524803612296654,0.471860451411397,0.25977269888847304,0.471860451411397,32730.0,White,14871.0,0.4543538038496792,33.8,Republican,Republican,Republican,Republican,
Tom Green,48451,0.224210239651416,0.543520467411816,0.612929609908361,0.0,0.5602591087240529,0.30022346730576194,0.0,0.5857526491508199,0.5960442351774979,0.232128444598178,0.6038975177819711,0.521182621236705,0.232128444598178,0.22095915393094306,117466.0,White,63195.0,0.5379854596223588,33.9,Republican,Republican,Republican,Republican,
Travis,48453,0.568610592009639,0.592056691725271,0.648403722750649,0.559871188222923,0.64225406290944,0.410355725337051,0.596916027016764,0.709444616925681,0.64506922081854,0.702873274806338,0.766921873810124,0.6164242831609661,0.14300208658341496,0.2060685578239151,1203166.0,White,590373.0,0.4906829149094971,33.9,Democrat,Democrat,Democrat,Democrat,Travis
Trinity,48455,0.251122514432328,0.7890983887555709,0.541836823355635,0.0,0.7573534453205351,0.3527068622125661,0.0,0.0,0.0,0.173392546823711,0.781624957147755,0.454298245614035,0.173392546823711,0.1015913834014689,14569.0,White,11451.0,0.7859839384995538,48.7,Republican,Republican,Republican,Republican,
Tyler,48457,0.23153796236210303,0.581503261968207,0.6087540491427671,0.16196013289036498,0.60883947440963,0.363416842740718,0.0,0.6199577322429479,0.5994516081221279,0.146045473566746,0.627722135440595,0.5247017492497991,-0.01591465932361899,0.16128490650908106,21496.0,White,17043.0,0.7928451804986975,42.7,Republican,Republican,Republican,Republican,
Upshur,48459,0.190770038731701,0.667557048004274,0.580503791776228,0.17498081350729097,0.659190598361334,0.327181418706842,0.165133779264214,0.710142715408685,0.5834139351603079,0.158796460176991,0.697830013482917,0.514928365717619,-0.016184353330299966,0.18774694701077704,40769.0,White,32817.0,0.8049498393387132,40.9,Republican,Republican,Republican,Republican,
Upton,48461,0.25986597170513803,0.633383010432191,0.632,0.38955223880596995,0.6521609538002979,0.306215722120658,0.227575982209044,0.668852459016393,0.6011586452762919,0.17151162790697697,0.630104321907601,0.48817407757805104,-0.218040610898993,0.18195835545739303,3634.0,White,1525.0,0.4196477710511833,37.2,Republican,Republican,Republican,Republican,
Uvalde,48463,0.487018375815056,0.598636621851922,0.5336243436452199,0.44883854866577094,0.6170043552357509,0.31972747360667797,0.4202723479024821,0.6378716152243891,0.540640028498486,0.414993139578396,0.6454459382692671,0.47039840403684796,-0.033845409087374934,0.15067093043017,27009.0,White,7223.0,0.2674293753933874,33.9,Republican,Republican,Republican,Republican,
Val Verde,48465,0.563963963963964,0.549131528877432,0.45490108416228897,0.604272062956717,0.541643650647517,0.268781869688385,0.509931875224095,0.566848748951493,0.503302414552279,0.474779481031087,0.5716974569856179,0.41787145720011504,-0.12949258192562996,0.14908958751173002,49027.0,White,7612.0,0.1552613865829033,31.7,Democrat,Democrat,Democrat,Republican,
Van Zandt,48467,0.15944902431388902,0.621198577378801,0.586798114016288,0.0,0.65645980334354,0.347809711438174,0.0,0.68631963331368,0.606855844371779,0.13857969723953698,0.704083379295917,0.485359265262021,0.13857969723953698,0.13754955382384698,54368.0,White,45714.0,0.8408254855797528,42.9,Republican,Republican,Republican,Republican,
Victoria,48469,0.301449872878444,0.577777009666678,0.5804135840628549,0.242104649807715,0.597928404364407,0.33069986126098305,0.285773287584191,0.6280114755798281,0.577467114315593,0.274172282449458,0.6352125171384789,0.495247768990786,0.032067632641743005,0.16454790772980293,91970.0,White,41428.0,0.45045123409807547,35.7,Republican,Republican,Republican,Republican,
Walker,48471,0.295734950010636,0.42952505857561796,0.645121449156031,0.0,0.446604087767643,0.37869139142772296,0.0,0.0,0.0,0.309549145897508,0.490207925023209,0.536734203090242,0.309549145897508,0.15804281166251904,71539.0,White,40510.0,0.5662645549979731,35.4,Republican,Republican,Republican,Republican,
Waller,48473,0.39165097300690505,0.64777224858234,0.56919283953264,0.261615830326883,0.693484550399259,0.305286696482211,0.31851158436695504,0.7205416039810211,0.549034724229867,0.36354893003125704,0.75375535238977,0.510839525885893,0.10193309970437403,0.20555282940368197,49987.0,White,21571.0,0.43153219837157664,29.0,Republican,Republican,Republican,Republican,
Ward,48475,0.323574730354391,0.564833927566147,0.539036544850498,0.381168177240685,0.59279414524301,0.314339981006648,0.251815277374383,0.607618690185776,0.5316553428042,0.282838621630843,0.6077125164195911,0.452524316813339,-0.09832955560984202,0.13818433580669098,11586.0,White,4724.0,0.40773347143103744,33.2,Republican,Republican,Republican,Republican,
Washington,48477,0.208195135433941,0.652678094786168,0.6576089426091701,0.170583691934238,0.659914585681239,0.4073075367399221,0.19306666666666697,0.680556379381932,0.653680219636554,0.21470176214701803,0.684767779820867,0.587422582181991,0.044118070212780025,0.18011504544206886,34796.0,White,22364.0,0.6427175537418094,41.6,Republican,Republican,Republican,Republican,
Webb,48479,0.860446442909908,0.41982549220148296,0.474058848159568,0.8583819241982509,0.46362822807466103,0.23645388115262603,0.854833949620679,0.4932402198926111,0.46657216912360294,0.8645069852196801,0.522248945282536,0.3778275869982629,0.006125061021429179,0.14137370584563688,272053.0,White,9513.0,0.03496745119517153,28.6,Democrat,Democrat,Democrat,Democrat,
Wharton,48481,0.306571911061075,0.58531976744186,0.5881963413624699,0.218586387434555,0.59765019379845,0.340642860038101,0.281151233945263,0.6105377906976739,0.5900488037138439,0.271650515305338,0.6060319767441861,0.519726585921573,0.05306412787078302,0.17908372588347193,41551.0,White,18643.0,0.44867752882000433,37.2,Republican,Republican,Republican,Republican,
Wheeler,48483,0.0,0.6395563770794821,0.625433526011561,0.0716395864106352,0.6425138632162659,0.389528193325662,0.0,0.651756007393715,0.663357912648894,0.062636165577342,0.6264325323475051,0.5417527294187079,-0.009003420833293196,0.15222453609304587,5482.0,White,3740.0,0.682232761765779,39.0,Republican,Republican,Republican,Republican,
Wichita,48485,0.0,0.546927756653992,0.575033717551202,0.19631873033760602,0.549726235741445,0.29460913831979996,0.0,0.595125475285171,0.494626816085051,0.2437261359993,0.615589353612167,0.423829524397776,0.04740740566169396,0.12922038607797603,131818.0,White,86518.0,0.6563443535784187,34.3,Republican,Republican,Republican,Republican,
Wilbarger,48487,0.0,0.578869597340229,0.534652201659221,0.167211922937114,0.587513852973772,0.34595070422535196,0.0,0.5965275212412261,0.5084220956155561,0.198437951981487,0.596970816401921,0.427846534653465,0.031226029044372994,0.08189583042811305,12906.0,White,7583.0,0.5875561754222842,37.8,Republican,Republican,Republican,Republican,
Willacy,48489,0.6528074606566929,0.501987891930966,0.463234632346323,0.616346583296114,0.52213788741303,0.193735398459808,0.663297045101089,0.555932050239451,0.41804144656643605,0.651374063138769,0.560449986446191,0.35493752519145505,0.035027479842654974,0.16120212673164705,21754.0,White,2412.0,0.11087616070607705,33.6,Democrat,Democrat,Democrat,Democrat,
Williamson,48491,0.33379162477438695,0.5772607581639971,0.6766750274594671,0.32451999042374896,0.6448534230468039,0.38311821723912703,0.3639039745071939,0.710184324274449,0.6857951895529351,0.49295841955107794,0.791238741456282,0.6256936969262049,0.16843842912732898,0.24257547968707788,527057.0,White,316640.0,0.6007699356995543,36.1,Republican,Republican,Republican,Republican,Williamson
Wilson,48493,0.35869754483719296,0.630061978656974,0.6371435967604749,0.413935211807552,0.6722354256955122,0.36165124259124504,0.315567878414459,0.7271308075865601,0.624090748870446,0.40046270172666704,0.758376438790251,0.5444881405923561,-0.013472510080884958,0.18283689800111103,48198.0,White,27657.0,0.5738204904767833,40.2,Republican,Republican,Republican,Republican,
Winkler,48495,0.24297994269341,0.49170182841068893,0.499141876430206,0.26192893401015194,0.5194092827004221,0.266720823178987,0.211589580010633,0.536568213783404,0.49305373525557006,0.22085048010973896,0.541631504922644,0.37860296027006,-0.04107845390041298,0.11188213709107303,7802.0,White,2811.0,0.36029223276083056,32.5,Republican,Republican,Republican,Republican,
Wise,48497,0.150050735667174,0.5913711164104389,0.60361494022765,0.132952052648073,0.615319566357163,0.35083282942114197,0.135502210991788,0.661609755272549,0.643702548633656,0.141515099519561,0.702234173896866,0.561450832109053,0.008563046871488011,0.21061800268791103,64639.0,White,49868.0,0.7714847073748047,38.4,Republican,Republican,Republican,Republican,
Wood,48499,0.173084579944258,0.630707272900581,0.664261155401065,0.12161581435324499,0.689950513894176,0.42795402298850604,0.134937093875294,0.7197056211140721,0.6430680491656939,0.15100373068040499,0.71053760366028,0.566354764060771,0.029387916327159994,0.13840074107226497,43815.0,White,36273.0,0.8278671687778159,48.2,Republican,Republican,Republican,Republican,
Yoakum,48501,0.0,0.489275288742226,0.5522697795071341,0.0972222222222222,0.503617210305876,0.29032258064516103,0.0,0.529128061936794,0.5579275605660831,0.159518828451883,0.536616321868257,0.452223273415326,0.06229660622966081,0.16190069277016494,8571.0,White,2763.0,0.3223661183059153,31.2,Republican,Republican,Republican,Republican,
Young,48503,0.0,0.608032345013477,0.665484528770281,0.10153221340225199,0.629272237196766,0.46406236614409296,0.0,0.634016172506739,0.6717115891505822,0.119117875446498,0.6348787061994611,0.546743652882738,0.01758566204424601,0.082681286738645,18114.0,White,14176.0,0.7825990946229435,41.4,Republican,Republican,Republican,Republican,
Zapata,48505,0.822075782537068,0.52282779283778,0.496930004093328,0.878172588832487,0.531102867741475,0.158764271323036,0.781778334376957,0.545370238265088,0.41778940483976496,0.8223121907332429,0.53902125838208,0.294203282159873,-0.055860398099244146,0.13543901083683701,14369.0,White,615.0,0.042800473241004944,29.6,Democrat,Democrat,Democrat,Democrat,
Zavala,48507,0.7705995072543108,0.725186263595102,0.431388757675957,0.780241935483871,0.748223002483515,0.170310175117317,0.728318584070796,0.736661813822043,0.394094396651941,0.778196777511142,0.6976106876766289,0.35808986005401394,-0.0020451579727289726,0.18777968493669694,12131.0,White,602.0,0.04962492787074437,32.9,Democrat,Democrat,Democrat,Democrat,
