County,CSA,RegPerc2002,RegPerc2004,RegPerc2006,RegPerc2008,RegPerc2010,RegPerc2012,RegPerc2014,RegPerc2016,RegPerc2018
Anderson,,0.480225119,0.506551712,0.474374765,0.472390434,0.45692634,0.438759451,0.462143761,0.480618564,0.48465565
Angelina,,0.556649111,0.55443639,0.548270736,0.563056782,0.548651047,0.553860161,0.575215222,0.595233431,0.593308824
Aransas,Corpus Christi,0.66586061,0.680866223,0.695871837,0.68717074,0.678469643,0.659340185,0.682830987,0.745919337,0.740910269
Archer,,0.706759443,0.71890877,0.715484869,0.71537442,0.720786393,0.6817981,0.69582505,0.697371328,0.691296664
Armstrong,Amarillo,0.729089953,0.731983167,0.734876381,0.769068911,0.719095213,0.733298264,0.701735928,0.731720147,0.743819043
Atascosa,San Antonio,0.548150787,0.554697068,0.550410812,0.546124557,0.52461535,0.525105208,0.547616397,0.589877758,0.607757565
Austin,Houston,0.544709153,0.601611711,0.617799205,0.634444171,0.628321075,0.624731675,0.6533765,0.678291164,0.682443608
Bandera,San Antonio,0.609030998,0.65765194,0.693458628,0.729265316,0.709201855,0.71647547,0.724432512,0.757627532,0.775054918
Bastrop,Austin,0.471693789,0.512963288,0.525865904,0.551037467,0.541936876,0.522670586,0.573984441,0.608256596,0.633967454
Baylor,,0.780730005,0.76489533,0.749060655,0.741814278,0.719269995,0.669082126,0.673644659,0.652979066,0.63150832
Bell,,0.46675907,0.497877416,0.490370203,0.522932616,0.498215869,0.507064,0.544658082,0.601150741,0.628081938
Bexar,San Antonio,0.515580196,0.529787908,0.532249458,0.543101623,0.528255343,0.516731952,0.558823821,0.609259068,0.645209599
Blanco,,0.595408212,0.623797275,0.642231114,0.660664952,0.66009336,0.668476708,0.703820139,0.765742593,0.802896066
Borden,,0.761310452,0.709828393,0.695787832,0.683307332,0.71450858,0.658346334,0.686427457,0.722308892,0.758190328
Bosque,,0.58175928,0.631177246,0.653030969,0.693004612,0.666318911,0.644245552,0.649461893,0.658906216,0.665934549
Bowie,,0.582974126,0.620774591,0.619489008,0.648247178,0.615967158,0.599794739,0.619002863,0.638210987,0.641840869
Brazoria,Houston,0.487667882,0.51565304,0.522764285,0.549551995,0.544621702,0.553323158,0.58658028,0.627925765,0.65849741
Brazos,,0.475537719,0.475573643,0.451206306,0.477482795,0.454239393,0.439664154,0.4781705,0.547952025,0.580602614
Brewster,,0.645905546,0.668652513,0.684900347,0.70114818,0.707430676,0.705480936,0.761373484,0.797660312,0.781304159
Briscoe,,0.797800855,0.786805131,0.775809407,0.76420281,0.729383018,0.684789249,0.692730605,0.66951741,0.654856445
Brown,,0.60166378,0.6745132,0.663727497,0.652941794,0.601978691,0.574292762,0.596940114,0.614601375,0.608644308
Burleson,,0.631174725,0.649095246,0.65363356,0.65345901,0.637865829,0.622389015,0.642811427,0.676965148,0.683365334
Burnet,,0.54645614,0.575274854,0.59728655,0.619298246,0.609988304,0.604631579,0.641614035,0.691906433,0.721216374
Caldwell,Austin,0.546524458,0.57770714,0.568341827,0.558976514,0.543030526,0.524431251,0.557268954,0.591945568,0.620658856
Calhoun,Victoria,0.661194518,0.637832655,0.614470792,0.604064356,0.593657921,0.559094523,0.593798232,0.601562135,0.595949675
Callahan,,0.660366214,0.684509746,0.663762552,0.681113408,0.663836385,0.638733018,0.652392203,0.679119905,0.683771412
Cameron,Brownsville,0.379580031,0.399707055,0.412672936,0.429326473,0.428784895,0.434308995,0.459509625,0.486642706,0.507825809
Camp,,0.526892993,0.584307717,0.610273365,0.597774373,0.57930812,0.563825498,0.587533263,0.611241029,0.611321668
Carson,Amarillo,0.771918473,0.769168554,0.766418635,0.745228082,0.707699774,0.679068263,0.68812682,0.698317697,0.683274021
Cass,,0.620863971,0.624737395,0.603958771,0.609276523,0.597393645,0.602711397,0.630284926,0.657858456,0.658153887
Castro,,0.599479037,0.587695361,0.570702059,0.539320268,0.524931779,0.486727859,0.491813446,0.491069214,0.473083602
Chambers,Houston,0.530715751,0.577045817,0.623375883,0.6415261,0.659676316,0.676772282,0.715409163,0.767038979,0.796928425
Cherokee,Tyler,0.562788868,0.592211624,0.554980824,0.557301603,0.540289114,0.52158521,0.530238962,0.546464746,0.546327072
Childress,,0.558727453,0.533162903,0.507598353,0.500781139,0.512001136,0.497798608,0.507314302,0.506036074,0.501633291
Clay,,0.671502976,0.693498884,0.715494792,0.746000744,0.735584077,0.712518601,0.707589286,0.712053571,0.708705357
Coke,,0.781626506,0.788554217,0.772439759,0.756325301,0.715662651,0.695180723,0.642771084,0.660240964,0.685240964
Coleman,,0.738055087,0.731309725,0.721023047,0.710736369,0.703428893,0.669139966,0.663406408,0.668015739,0.659134345
Collin,Dallas,0.40804713,0.472187959,0.488049329,0.543342353,0.542813172,0.561710303,0.621694376,0.688184564,0.738665109
Collingsworth,,0.735361465,0.744684331,0.754007197,0.646058227,0.644749755,0.610075237,0.618580307,0.621851488,0.61988878
Colorado,,0.578039667,0.622065728,0.63928811,0.656510492,0.639503689,0.625323369,0.642521797,0.664415062,0.66388809
Comal,San Antonio,0.556189616,0.6060458,0.640902721,0.675759643,0.679032377,0.696032156,0.758767239,0.851694446,0.922680507
Comanche,,0.628452841,0.671890654,0.670065837,0.668241019,0.646486332,0.600901675,0.614927723,0.637684271,0.654000286
Concho,,0.434793247,0.455590898,0.448739907,0.441888916,0.433569856,0.408367996,0.402495718,0.40641057,0.406899927
Cooke,Dallas,0.634596873,0.648932019,0.635741603,0.640840856,0.618622681,0.595259776,0.623695918,0.652678409,0.665712725
Coryell,,0.515334005,0.510240357,0.50456306,0.520719478,0.5011275,0.45990078,0.467501459,0.498806176,0.510174033
Cottle,,0.93089701,0.895016611,0.859136213,0.831893688,0.77076412,0.739534884,0.724252492,0.712292359,0.70166113
Crockett,,0.716590481,0.749932778,0.735412745,0.720892713,0.702877118,0.68082818,0.681634848,0.68593708,0.665770368
Crosby,Lubbock,0.707707542,0.700940749,0.694173956,0.656543984,0.626010893,0.605380426,0.593167189,0.59498267,0.579798647
Culberson,,0.86530442,0.855713094,0.840700584,0.825688073,0.751876564,0.665971643,0.73352794,0.736030025,0.713094245
Dallam,,0.468446964,0.474414441,0.480381919,0.482321349,0.459048187,0.452633149,0.461285991,0.47008802,0.449798598
Dallas,Dallas,0.510190069,0.519940341,0.505849108,0.509356081,0.483681912,0.47963063,0.50936157,0.544030988,0.561337827
Dawson,,0.63312369,0.607171257,0.594845659,0.582520061,0.572399335,0.543627557,0.535386395,0.530759777,0.517241379
De Witt,,0.624073245,0.62014231,0.616360651,0.612578992,0.589590486,0.581181271,0.594019008,0.59018759,0.580633925
Deaf Smith,,0.522609953,0.510324179,0.502219699,0.480797027,0.451115011,0.42855668,0.436454677,0.447346686,0.454934958
Delta,,0.588032881,0.627413496,0.663544255,0.685719748,0.647677308,0.622251959,0.678550946,0.734849933,0.74001147
Denton,Dallas,0.461470781,0.485501363,0.50323567,0.553823191,0.550231356,0.559117375,0.616801033,0.701022013,0.77183247
Dickens,,0.617021277,0.608428805,0.599836334,0.602700491,0.573240589,0.546235679,0.539279869,0.544189853,0.525368249
Dimmit,,0.797519008,0.785114046,0.766756703,0.74839936,0.726290516,0.68787515,0.729891957,0.744197679,0.736094438
Donley,,0.702746804,0.704786511,0.706826217,0.692956214,0.674190917,0.649986402,0.654881697,0.628773457,0.60375306
Duval,,0.898743847,0.852656595,0.822950263,0.793243931,0.764556103,0.74197929,0.711254456,0.708877949,0.70726532
Eastland,,0.572996825,0.571382446,0.569714255,0.576494646,0.550826024,0.549426896,0.58478179,0.628531453,0.62928483
Edwards,,0.742757243,0.782717283,0.771978022,0.761238761,0.767232767,0.773226773,0.751248751,0.755744256,0.721778222
El Paso,El Paso,0.443642454,0.464444381,0.468902025,0.485263793,0.474257694,0.443388909,0.505439975,0.534843695,0.57074466
Ellis,Dallas,0.479299512,0.523186953,0.536006951,0.571104873,0.568063632,0.57658579,0.622699017,0.68316289,0.722211082
Erath,,0.501002903,0.531380311,0.542280285,0.566561098,0.54969649,0.52581156,0.539825812,0.568725257,0.587516495
Falls,,0.570692936,0.561177656,0.545673346,0.539964178,0.523844173,0.531680287,0.551718348,0.567558491,0.578137244
Fannin,Dallas,0.498540469,0.552675807,0.554769276,0.584962406,0.556656347,0.558543417,0.582441398,0.606339378,0.6089341
Fayette,,0.570375499,0.587806467,0.610857701,0.633908935,0.634927099,0.631913334,0.646167631,0.662743341,0.672965708
Fisher,,0.73100151,0.74308002,0.728736789,0.744338198,0.711625566,0.690991444,0.697785606,0.696527428,0.67740312
Floyd,,0.694228979,0.688799255,0.698727893,0.708191126,0.69081601,0.662426311,0.632640397,0.631864722,0.610456097
Foard,,0.723053892,0.749251497,0.775449102,0.784431138,0.812125749,0.800898204,0.800898204,0.709580838,0.679640719
Fort Bend,Houston,0.38359684,0.43453171,0.457405936,0.512179372,0.527914585,0.559832586,0.622127696,0.690072176,0.73555584
Franklin,,0.545403112,0.582083923,0.618859029,0.636020745,0.622253654,0.614427157,0.627864215,0.641301273,0.639509665
Freestone,,0.552280985,0.580641906,0.575746871,0.584729512,0.573829229,0.561213161,0.576857085,0.605419863,0.60077715
Frio,San Antonio,0.584248127,0.59388976,0.602689203,0.611488645,0.578672243,0.590753325,0.579253064,0.530115583,0.496834524
Galveston,Houston,0.60965504,0.638191748,0.645942968,0.650793487,0.626300595,0.62239409,0.660405274,0.715346934,0.731391752
Garza,,0.452406748,0.464633958,0.459835939,0.460300263,0.465253057,0.428726203,0.42346386,0.421142238,0.417427643
Gillespie,,0.624793655,0.663767766,0.684482828,0.70519789,0.714136168,0.71208278,0.730724323,0.763336957,0.771349197
Glasscock,,0.622349103,0.618270799,0.610522023,0.602773246,0.60685155,0.60766721,0.617455139,0.627243067,0.634584013
Gonzales,,0.639470894,0.630181249,0.615868127,0.601555006,0.638663099,0.620134296,0.611147574,0.619477962,0.612409754
Gray,Amarillo,0.68906146,0.673796317,0.658531174,0.634479698,0.593876193,0.556290215,0.576658531,0.564588418,0.550610162
Grayson,Dallas,0.612804752,0.627853107,0.614765423,0.626049621,0.606045815,0.597260025,0.62426268,0.651265336,0.66740571
Gregg,,0.625671568,0.629228621,0.594389222,0.604017087,0.565103097,0.528144254,0.558038281,0.570500288,0.571001397
Grimes,,0.497819877,0.510336791,0.504021952,0.558900917,0.542437227,0.545181176,0.574462487,0.593895655,0.613328823
Guadalupe,San Antonio,0.459352406,0.499038264,0.530604487,0.56217071,0.568648172,0.582203706,0.640797366,0.711129526,0.761504717
Hale,Lubbock,0.5859179,0.595291263,0.57927384,0.58550437,0.559231384,0.540429521,0.533564911,0.53679045,0.526121357
Hall,,0.688040561,0.668654936,0.649269311,0.637637936,0.635848494,0.604235013,0.607515658,0.602743812,0.592305398
Hamilton,,0.610778443,0.643536456,0.660208994,0.669836797,0.658682635,0.633439004,0.632617119,0.641423036,0.654573207
Hansford,,0.589168003,0.582843399,0.576518796,0.565829325,0.549616961,0.53643328,0.546944593,0.546231962,0.540352753
Hardeman,,0.724812757,0.721551099,0.718289442,0.732060884,0.662720464,0.621406137,0.620198115,0.612708384,0.590964001
Hardin,,0.600494189,0.621359934,0.617168482,0.643360483,0.625661206,0.63074952,0.658936579,0.698599799,0.697190446
Harris,Houston,0.464894334,0.473327161,0.468672258,0.479312316,0.473511647,0.473647262,0.504422647,0.545953179,0.568525916
Harrison,,0.658926422,0.663101278,0.64951014,0.650500526,0.636589417,0.606801664,0.65246606,0.677134281,0.673233685
Hartley,,0.5,0.490019795,0.480039591,0.477895084,0.468987133,0.458594523,0.471791488,0.490597163,0.467667436
Haskell,,0.767757247,0.708764197,0.649771148,0.655873877,0.620783184,0.610272928,0.592812341,0.575182234,0.560433972
Hays,Austin,0.450991999,0.514668347,0.567275806,0.619883264,0.623269491,0.61742634,0.678722145,0.773950238,0.857084662
Hemphill,,0.612555818,0.605594957,0.598634095,0.589440504,0.558182296,0.566850538,0.599684791,0.621486735,0.599947465
Henderson,Dallas,0.608592676,0.636517598,0.627947843,0.634594815,0.623911272,0.612170835,0.626254266,0.643279173,0.654803138
Hidalgo,McAllen,0.332696584,0.348247026,0.371100935,0.393954843,0.382684387,0.366906781,0.413321906,0.436928943,0.467698114
Hill,,0.577588418,0.647211377,0.635384308,0.641397589,0.63370287,0.618541423,0.627689589,0.650488757,0.643933996
Hood,Dallas,0.592239459,0.632624751,0.650150444,0.678422102,0.661072252,0.664022508,0.701477082,0.747938728,0.792016725
Hopkins,,0.545320099,0.569494611,0.617473906,0.623304229,0.61437388,0.591166349,0.615468843,0.639771338,0.643269532
Houston,,0.636440249,0.669560088,0.643266476,0.633532783,0.568725771,0.551070285,0.545255351,0.545655655,0.546055958
Hudspeth,El Paso,0.467203682,0.475258918,0.471950518,0.468642117,0.461449942,0.469505178,0.500287687,0.529344074,0.552359033
Hunt,Dallas,0.568693471,0.590823068,0.576576995,0.587038048,0.561843282,0.549501329,0.578974561,0.608447793,0.637741063
Hutchinson,Amarillo,0.780406321,0.746185102,0.711963883,0.688668172,0.64979684,0.612731377,0.606455982,0.614717833,0.607765237
Irion,,0.779862414,0.807379612,0.803939962,0.800500313,0.809255785,0.803001876,0.821138211,0.836772983,0.814884303
Jack,,0.565789474,0.563909774,0.562030075,0.550973021,0.545665635,0.519792127,0.530075188,0.561366652,0.557828395
Jackson,,0.662380107,0.67079929,0.679218472,0.652220249,0.625222025,0.616625222,0.625150977,0.646323268,0.649165187
Jasper,,0.587034444,0.600700084,0.583562027,0.602828339,0.593951274,0.602800336,0.625399048,0.661551386,0.636908429
Jeff Davis,,0.72971819,0.776686593,0.779888984,0.783091375,0.682749787,0.646029035,0.718189582,0.706233988,0.732280102
Jefferson,,0.650113171,0.654743076,0.63394418,0.600821332,0.575329108,0.562600833,0.578710365,0.591434676,0.585282611
Jim Hogg,,0.803584906,0.798679245,0.767075472,0.735471698,0.727358491,0.712264151,0.727169811,0.743773585,0.720377358
Jim Wells,Corpus Christi,0.633111318,0.648244282,0.648648318,0.649052353,0.629732112,0.618272197,0.628458788,0.649174788,0.645207895
Johnson,Dallas,0.491314084,0.528919925,0.535803729,0.545291319,0.536757788,0.525189818,0.557024925,0.608716393,0.641883207
Jones,,0.524502525,0.521062271,0.517622018,0.507227007,0.496831997,0.484011484,0.489307989,0.4999505,0.491634492
Karnes,,0.56840259,0.601929304,0.574878575,0.547827847,0.530558554,0.519360496,0.527253103,0.535213168,0.540947113
Kaufman,Dallas,0.434755685,0.493362361,0.521528786,0.565573295,0.559671021,0.558103532,0.596081277,0.654165457,0.698171263
Kendall,San Antonio,0.560999701,0.614845855,0.662256809,0.709667764,0.730350195,0.74806944,0.800149656,0.870158635,0.911852739
Kenedy,Corpus Christi,0.903846154,0.838942308,0.838942308,0.848557692,0.858173077,0.865384615,0.831730769,0.764423077,0.728365385
Kent,,0.938118812,0.96039604,0.889851485,0.837871287,0.774752475,0.758663366,0.756188119,0.761138614,0.716584158
Kerr,,0.650599496,0.667486146,0.679788413,0.69209068,0.675566751,0.642478589,0.657853904,0.698015113,0.716554156
Kimble,,0.642934665,0.632732798,0.638376384,0.64401997,0.651400043,0.629476883,0.62448448,0.632949859,0.626220968
King,,0.769230769,0.713286713,0.657342657,0.706293706,0.681818182,0.632867133,0.65034965,0.706293706,0.63986014
Kinney,,0.705669817,0.692329072,0.675653141,0.65897721,0.655642023,0.644802668,0.637854364,0.624235686,0.622012229
Kleberg,Corpus Christi,0.586132685,0.620161567,0.582483391,0.589532454,0.561554537,0.515735629,0.542871401,0.561710489,0.563301207
Knox,,0.759881689,0.717262705,0.674643721,0.679214843,0.623823608,0.608496908,0.637805862,0.657165905,0.650174778
La Salle,,0.6007842,0.641155969,0.619808307,0.598460645,0.587133314,0.57362765,0.595410979,0.605576532,0.621696195
Lamar,,0.605808045,0.614222883,0.59721246,0.636776254,0.585805234,0.564657683,0.593918824,0.623179965,0.631594802
Lamb,,0.641553982,0.674966016,0.667239036,0.654003005,0.610431423,0.594834371,0.595120555,0.594047364,0.575803105
Lampasas,,0.554251156,0.596788128,0.628220765,0.659653402,0.651166336,0.637139808,0.665142044,0.700614931,0.711084007
Lavaca,,0.693661423,0.726730001,0.712687536,0.698645071,0.688522037,0.667704927,0.681669522,0.688314385,0.681981
Lee,,0.516313508,0.528473393,0.537563207,0.57193595,0.572537924,0.563508307,0.594509993,0.619672526,0.625090296
Leon,,0.656449021,0.66067496,0.678828641,0.678114398,0.646747217,0.636688292,0.647878102,0.664603297,0.658948872
Liberty,Houston,0.576603255,0.626138572,0.615179197,0.601351083,0.575294475,0.556548524,0.559589123,0.577370014,0.580331293
Limestone,,0.585058159,0.605969894,0.606910708,0.611443722,0.596861102,0.563975368,0.573469039,0.584245638,0.580738967
Lipscomb,,0.587522714,0.589188371,0.590854028,0.593276802,0.579043004,0.576317383,0.599939431,0.619927317,0.601453664
Llano,,0.692451168,0.713952645,0.73208642,0.750220196,0.725195586,0.720428993,0.748251386,0.785140666,0.80840371
Madison,,0.509953162,0.534470141,0.515661593,0.516539813,0.46713993,0.474165691,0.508269906,0.524809719,0.541349532
Marion,,0.713635502,0.759624502,0.770244643,0.732125925,0.678740755,0.66300019,0.675516784,0.688033378,0.695145079
Mason,,0.672981057,0.715852443,0.726071785,0.736291127,0.713609172,0.705882353,0.715104686,0.738285145,0.734297109
Matagorda,Houston,0.594245545,0.585158847,0.576072149,0.575895047,0.575717945,0.571004305,0.571222277,0.588169582,0.586671026
Maverick,,0.44454274,0.461517196,0.480021379,0.498525563,0.498359689,0.509473257,0.532511335,0.564912087,0.577518523
McCulloch,,0.667028854,0.673065314,0.656102861,0.639140408,0.618374985,0.61451165,0.631172281,0.637933116,0.627912592
McLennan,,0.544536964,0.573229292,0.570726163,0.573386802,0.542314798,0.527900522,0.548049007,0.579304062,0.591598341
McMullen,,0.936350778,0.973125884,0.995049505,1.016973126,1.036775106,0.933521924,0.992927864,1.001414427,0.988684583
Medina,San Antonio,0.509933487,0.530974221,0.554373343,0.577772464,0.573099161,0.576555232,0.618484545,0.659457462,0.679759162
Menard,,0.818019625,0.823371989,0.826717217,0.830062444,0.760035682,0.720785013,0.684656557,0.663693131,0.636931311
Milam,,0.608676334,0.596154623,0.58730864,0.592115361,0.577129701,0.570505312,0.582380741,0.597689542,0.603708042
Mills,,0.641410049,0.676661264,0.683245543,0.689829822,0.667139384,0.678889789,0.684967585,0.697123177,0.692058347
Mitchell,,0.581516537,0.571413379,0.540199936,0.508986494,0.487503988,0.478251622,0.485164309,0.477932575,0.482186536
Montague,,0.637202698,0.6469395,0.656676302,0.665753841,0.643085349,0.640853999,0.656169177,0.675237081,0.685126021
Montgomery,Houston,0.430612666,0.469774831,0.498141509,0.538835228,0.548448039,0.562714758,0.618263243,0.674561049,0.730858856
Moore,,0.464161797,0.458637692,0.453113587,0.451196129,0.440056611,0.42147553,0.426177867,0.441334916,0.44247626
Morris,,0.674346683,0.689887119,0.696072367,0.718339261,0.693598268,0.636925932,0.649296428,0.661666924,0.638858822
Motley,,0.761983471,0.754545455,0.747107438,0.747107438,0.745454545,0.667768595,0.652066116,0.680991736,0.702479339
Nacogdoches,,0.465842167,0.497907755,0.481030314,0.522487756,0.497039861,0.454916,0.479960945,0.537443432,0.569679499
Navarro,Dallas,0.585712789,0.606892217,0.592898293,0.596312978,0.56725673,0.560720645,0.573206243,0.582654237,0.597737509
Newton,,0.658913119,0.671928003,0.645067497,0.638283143,0.617722395,0.573762548,0.620214607,0.661336102,0.640290758
Nolan,,0.681059411,0.651222397,0.616982124,0.601077813,0.577681388,0.548041535,0.562368559,0.574855415,0.572029443
Nueces,Corpus Christi,0.588796172,0.592867031,0.581086523,0.584363785,0.557134585,0.549092801,0.559356657,0.586294871,0.60030627
Ochiltree,,0.502494375,0.49784799,0.493201604,0.497994718,0.490951775,0.490756138,0.510613323,0.517851903,0.507385308
Oldham,Amarillo,0.756335283,0.739766082,0.723196881,0.711500975,0.699805068,0.649122807,0.658382066,0.687134503,0.665692008
Orange,,0.674670381,0.677517504,0.646956756,0.636924618,0.605691802,0.595293083,0.617874556,0.648471963,0.648826326
Palo Pinto,Dallas,0.619472804,0.615275159,0.611077514,0.618298887,0.601152574,0.603358116,0.606275124,0.622425385,0.63533848
Panola,,0.643889729,0.659606657,0.68700622,0.695453017,0.661413683,0.645192469,0.662716423,0.686838124,0.686333838
Pecos,,0.524988715,0.513961437,0.518088605,0.522215774,0.525762559,0.488102147,0.526213968,0.526729864,0.526794351
Polk,,0.856472816,0.923612182,0.846255478,0.845286592,0.812939026,0.806178847,0.818311937,0.848589611,0.833505824
Potter,Amarillo,0.476068157,0.47236791,0.468667663,0.465785105,0.437702873,0.419581575,0.436084015,0.453982308,0.454989965
Presidio,,0.58019954,0.678434382,0.672422614,0.666410847,0.635456639,0.656050141,0.677027373,0.613839857,0.622665643
Rains,,0.535825545,0.602528862,0.596664834,0.616547554,0.626168224,0.605919003,0.633773135,0.661627268,0.697177937
Randall,Amarillo,0.611820253,0.621089252,0.630358252,0.651952785,0.637904328,0.633017188,0.664419134,0.705495962,0.720521847
Reagan,,0.564300564,0.576477576,0.584199584,0.591921592,0.554202554,0.517077517,0.527175527,0.562221562,0.546480546
Real,,0.762163796,0.781807193,0.771834391,0.76186159,0.744938048,0.718041704,0.737382895,0.762466002,0.778482925
Red River,,0.661275272,0.658475894,0.636158631,0.631337481,0.614230171,0.591057543,0.616213064,0.641368585,0.639269051
Reeves,,0.55154901,0.530290938,0.499637234,0.46898353,0.456722049,0.455996517,0.475295654,0.515272437,0.512080099
Refugio,,0.753894081,0.783827712,0.767167818,0.750507924,0.723418664,0.686170933,0.683055668,0.689692537,0.667750237
Roberts,Amarillo,0.841765339,0.817007535,0.792249731,0.779332616,0.74919268,0.717976319,0.729817008,0.771797632,0.755651238
Robertson,,0.692696426,0.716460113,0.717001564,0.744856215,0.688605463,0.66941403,0.683912887,0.692154975,0.697689809
Rockwall,Dallas,0.413993388,0.486692112,0.511405849,0.579687759,0.58502368,0.593602002,0.663192361,0.732782721,0.801766726
Runnels,,0.675078564,0.682601657,0.673078754,0.663555852,0.654794781,0.625749929,0.628035425,0.635748976,0.634510999
Rusk,,0.589049316,0.594037127,0.585430339,0.596006,0.571910744,0.565085318,0.569248078,0.587342959,0.582655166
Sabine,,0.706387299,0.698818534,0.680450434,0.659220971,0.701310689,0.682388776,0.687926897,0.711371608,0.715894406
San Augustine,,0.752284264,0.760293288,0.746869712,0.737281444,0.717540891,0.677946983,0.695657078,0.697123519,0.676706148
San Jacinto,,0.582436325,0.610786841,0.617912371,0.601273499,0.587818375,0.599075197,0.62628866,0.651682838,0.677077016
San Saba,,0.60414288,0.608709835,0.611237971,0.613766107,0.607731202,0.613439896,0.605773936,0.615886479,0.609036046
Schleicher,,0.532216123,0.548974285,0.567754984,0.586535683,0.516613695,0.499855533,0.528171049,0.527015313,0.510257151
Scurry,,0.648720525,0.637196383,0.618225873,0.599255363,0.563914662,0.543348502,0.55434076,0.560486969,0.549553809
Shackelford,,0.713439905,0.732089994,0.740378922,0.736234458,0.685316755,0.682652457,0.684724689,0.689165187,0.685020722
Shelby,,0.604959132,0.59906476,0.585507702,0.587629676,0.555760767,0.550495127,0.573090223,0.596353348,0.598632506
Sherman,,0.536585366,0.498022413,0.459459459,0.490441661,0.475939354,0.48286091,0.501318392,0.500329598,0.501977587
Smith,,0.514872636,0.555756888,0.568354998,0.619629591,0.57775828,0.56840745,0.603850959,0.644739979,0.644115319
Somervell,Dallas,0.612720848,0.674911661,0.678680801,0.69246172,0.667137809,0.648881037,0.684570082,0.708716137,0.734157833
Starr,McAllen,0.452729301,0.463636662,0.456977431,0.4503182,0.477397979,0.497687311,0.496014303,0.524619473,0.540791891
Stephens,,0.60623053,0.606126687,0.60384216,0.601661475,0.589511942,0.565316719,0.579854621,0.595015576,0.575597092
Sterling,,0.891513561,0.846894138,0.819335083,0.791776028,0.755905512,0.727034121,0.737532808,0.818022747,0.765529309
Stonewall,,0.808053691,0.783557047,0.759060403,0.734228188,0.730872483,0.696644295,0.679194631,0.669798658,0.642281879
Sutton,,0.632267442,0.630087209,0.643047481,0.656007752,0.609738372,0.600532946,0.604166667,0.613856589,0.596899225
Swisher,,0.640819964,0.636299975,0.631779985,0.58810797,0.54316272,0.521263051,0.523936847,0.517570665,0.500636618
Tarrant,Dallas,0.48455474,0.507815774,0.511204322,0.533657189,0.517926695,0.500557756,0.553488768,0.596020307,0.625623952
Taylor,,0.609797272,0.620861406,0.608451325,0.605485681,0.574338813,0.556263593,0.576939455,0.597698964,0.605478077
Terrell,,0.81097561,0.796747967,0.820630081,0.844512195,0.914634146,0.885162602,0.835365854,0.711382114,0.702235772
Throckmorton,,0.800121877,0.773308958,0.746496039,0.753199269,0.746496039,0.778793419,0.78976234,0.749542962,0.744058501
Titus,,0.465299685,0.478660234,0.476371621,0.489330117,0.50077318,0.478072617,0.495778438,0.513484258,0.524803612
Tom Green,,0.583167005,0.591205182,0.587617034,0.584028887,0.569168239,0.543520467,0.560259109,0.585752649,0.603897518
Travis,Austin,0.541914893,0.571090908,0.552727514,0.59693771,0.590030324,0.58634964,0.642254063,0.709444617,0.766921874
Trinity,,0.719026397,0.766198149,0.760095989,0.777716832,0.781076448,0.789098389,0.757353445,0.769489201,0.781624957
Tyler,,0.603096573,0.620003675,0.623265644,0.618028117,0.595929431,0.581503262,0.608839474,0.619957732,0.627722135
Upshur,,0.592663258,0.643440433,0.627998677,0.670431708,0.670940497,0.667557048,0.671423847,0.710142715,0.697830013
Upton,,0.660506706,0.638748137,0.643815201,0.648882265,0.63338301,0.63338301,0.652160954,0.668852459,0.630104322
Uvalde,,0.621511077,0.620753645,0.622571483,0.62438932,0.617761788,0.598636622,0.617004355,0.637871615,0.645445938
Val Verde,,0.522187442,0.543403097,0.564137973,0.584872849,0.567810307,0.549131529,0.541643651,0.566848749,0.571697457
Van Zandt,,0.61676715,0.640217577,0.624336712,0.644458814,0.631202571,0.621198577,0.656459803,0.686319633,0.704083379
Victoria,,0.634394479,0.630684502,0.626974526,0.611627666,0.596280806,0.57777701,0.597928404,0.628011476,0.635212517
Walker,Houston,0.416130031,0.44040023,0.43519842,0.457302427,0.444688407,0.429525059,0.446604088,0.468406006,0.490207925
Waller,Houston,0.536558269,0.646290939,0.60418933,0.68485129,0.715727346,0.647772249,0.69348455,0.720541604,0.753755352
Washington,Houston,0.581321549,0.612669791,0.622308559,0.645174684,0.649267454,0.652678095,0.659914586,0.680556379,0.68476778
Webb,,0.373350006,0.387852372,0.402971986,0.418091601,0.429657536,0.419825492,0.463628228,0.49324022,0.522248945
Wharton,Houston,0.557025194,0.578924419,0.600823643,0.59934593,0.597868217,0.585319767,0.597650194,0.610537791,0.606031977
Wheeler,,0.71090573,0.69168207,0.67245841,0.702033272,0.654343808,0.639556377,0.642513863,0.651756007,0.626432532
Wichita,,0.604501901,0.599596958,0.594692015,0.6398327,0.603034221,0.546927757,0.549726236,0.595125475,0.615589354
Wilbarger,,0.639231622,0.638492796,0.637753971,0.6198744,0.596379756,0.578869597,0.587513853,0.596527521,0.596970816
Willacy,Brownsville,0.493223096,0.506912442,0.498192826,0.509532845,0.50424686,0.501987892,0.522137887,0.55593205,0.560449986
Williamson,Austin,0.420969577,0.473986169,0.493331819,0.550448449,0.562410245,0.577260758,0.644853423,0.710184324,0.791238741
Wilson,San Antonio,0.502423226,0.538095904,0.580642155,0.623188406,0.624633021,0.630061979,0.672235426,0.727130808,0.758376439
Wise,Dallas,0.537588581,0.572276625,0.581477159,0.607827219,0.599387759,0.591371116,0.615319566,0.661609755,0.702234174
Wood,,0.514869888,0.582546945,0.603136021,0.643932895,0.649485273,0.630707273,0.659064913,0.694071109,0.710537604
Young,,0.641509434,0.634716981,0.501024259,0.624043127,0.604797844,0.608032345,0.629272237,0.634016173,0.634878706
Zapata,,0.489941504,0.495220431,0.505314596,0.51540876,0.516835497,0.522827793,0.531102868,0.545370238,0.539021258
Zavala,,0.704376124,0.700179841,0.696754303,0.693328766,0.716879335,0.725186264,0.748223002,0.736661814,0.697610688
